{"type":"FeatureCollection","features":[{"type":"Feature","id":"0110","properties":{"region_id":"0110","region_name":"Zentrum"},"geometry":{"type":"Polygon","coordinates":[[[13.33601,52.51379],[13.33585,52.51329],[13.33188,52.51303],[13.33166,52.51293],[13.33166,52.51284],[13.33155,52.51279],[13.33144,52.51282],[13.33139,52.51289],[13.33056,52.51283],[13.33066,52.51262],[13.33078,52.5125],[13.33119,52.51231],[13.33374,52.51172],[13.33403,52.51172],[13.33376,52.5115],[13.33341,52.51128],[13.33276,52.51097],[13.33004,52.51008],[13.3339,52.50884],[13.33397,52.50898],[13.33441,52.50891],[13.33466,52.50876],[13.33478,52.50864],[13.33487,52.50848],[13.33488,52.50829],[13.33484,52.50816],[13.33375,52.50672],[13.33407,52.50658],[13.334,52.50652],[13.33529,52.50593],[13.33574,52.5058],[13.33671,52.50572],[13.33864,52.50592],[13.33907,52.50507],[13.33953,52.50515],[13.34001,52.50515],[13.34048,52.50509],[13.34142,52.50487],[13.3415,52.50494],[13.35139,52.50255],[13.35139,52.50259],[13.35752,52.5011],[13.36254,52.49966],[13.36304,52.49956],[13.36879,52.49878],[13.36936,52.49874],[13.37085,52.4999],[13.37138,52.50157],[13.37303,52.50336],[13.37361,52.50416],[13.37413,52.5036],[13.3744,52.50339],[13.37468,52.50323],[13.37475,52.50324],[13.37498,52.50338],[13.37765,52.50797],[13.37894,52.50693],[13.39877,52.50811],[13.39923,52.50808],[13.40019,52.50938],[13.40023,52.50938],[13.4021,52.50873],[13.40275,52.50854],[13.40391,52.50805],[13.40443,52.50777],[13.40463,52.50792],[13.40528,52.50821],[13.40736,52.50665],[13.40739,52.50666],[13.40803,52.50618],[13.40997,52.50693],[13.41152,52.50489],[13.41407,52.50404],[13.41461,52.50468],[13.41459,52.50479],[13.41491,52.50492],[13.4176,52.50417],[13.41821,52.50502],[13.41853,52.50497],[13.41894,52.50506],[13.41892,52.50508],[13.41912,52.50522],[13.41943,52.50565],[13.42154,52.50508],[13.42242,52.505],[13.42308,52.50498],[13.42406,52.50504],[13.42495,52.50518],[13.42582,52.50542],[13.42671,52.5058],[13.4272,52.50567],[13.42882,52.50798],[13.42903,52.50804],[13.4294,52.50857],[13.42924,52.50867],[13.42913,52.5089],[13.42837,52.50907],[13.42808,52.50928],[13.42452,52.51137],[13.42318,52.51208],[13.42278,52.51224],[13.42384,52.51337],[13.42401,52.51368],[13.4251,52.51507],[13.42675,52.51796],[13.42615,52.51807],[13.42631,52.51829],[13.42593,52.51839],[13.42692,52.51974],[13.42745,52.51961],[13.4284,52.51959],[13.42918,52.52122],[13.42555,52.52279],[13.42591,52.52283],[13.426,52.52293],[13.42652,52.52294],[13.4265,52.52329],[13.42598,52.52334],[13.42543,52.52344],[13.42377,52.52397],[13.41975,52.52555],[13.41825,52.52618],[13.41671,52.52689],[13.41615,52.52708],[13.41543,52.52746],[13.41131,52.52862],[13.41009,52.52881],[13.40819,52.52923],[13.40559,52.52967],[13.40593,52.53038],[13.40609,52.53061],[13.40599,52.53078],[13.40643,52.53235],[13.40835,52.53435],[13.40749,52.53469],[13.40692,52.53571],[13.40675,52.5361],[13.40589,52.5378],[13.40581,52.53778],[13.40546,52.5385],[13.40552,52.53851],[13.40542,52.53872],[13.40536,52.53871],[13.4053,52.53883],[13.40536,52.53884],[13.4047,52.54019],[13.40419,52.5404],[13.39662,52.53827],[13.39586,52.53809],[13.39352,52.53742],[13.39323,52.53726],[13.39042,52.53548],[13.39015,52.53536],[13.38821,52.53362],[13.38796,52.53346],[13.38756,52.53327],[13.38619,52.53429],[13.3849,52.53542],[13.38344,52.53659],[13.3821,52.53774],[13.38001,52.53975],[13.37971,52.54011],[13.37951,52.5401],[13.37613,52.53809],[13.37617,52.53806],[13.37493,52.53733],[13.37455,52.53703],[13.37298,52.53804],[13.36861,52.53599],[13.36788,52.53662],[13.36663,52.53602],[13.36579,52.53577],[13.36687,52.5348],[13.36842,52.53331],[13.3685,52.53326],[13.36921,52.53256],[13.36937,52.53244],[13.36975,52.53201],[13.37097,52.53037],[13.37215,52.52917],[13.37324,52.52827],[13.37357,52.52789],[13.37373,52.52763],[13.37381,52.52743],[13.37385,52.52716],[13.37381,52.52687],[13.3736,52.52665],[13.37338,52.5265],[13.37104,52.52649],[13.37103,52.52524],[13.37176,52.5248],[13.37177,52.52361],[13.3717,52.52339],[13.37169,52.52279],[13.37115,52.52274],[13.37069,52.52265],[13.37017,52.52249],[13.36979,52.52232],[13.36944,52.52208],[13.36846,52.52114],[13.36812,52.52087],[13.36772,52.52059],[13.36724,52.52036],[13.36631,52.52002],[13.36549,52.51979],[13.36515,52.51959],[13.3645,52.51942],[13.36408,52.51941],[13.36241,52.51895],[13.36181,52.51867],[13.3605,52.51785],[13.35983,52.51757],[13.35897,52.51735],[13.35774,52.51714],[13.35694,52.51707],[13.3563,52.51707],[13.35534,52.51719],[13.35492,52.51728],[13.35362,52.51785],[13.35234,52.51855],[13.35143,52.51898],[13.3509,52.51926],[13.3503,52.51965],[13.35004,52.51967],[13.35015,52.51958],[13.34829,52.51971],[13.34753,52.51909],[13.34734,52.5191],[13.34729,52.51848],[13.34741,52.51848],[13.34738,52.51823],[13.34745,52.51823],[13.34743,52.51798],[13.34724,52.51799],[13.34722,52.51781],[13.34572,52.5177],[13.34537,52.51763],[13.34475,52.51681],[13.34457,52.51665],[13.34562,52.5162],[13.34525,52.51596],[13.34424,52.5159],[13.34423,52.516],[13.34404,52.51599],[13.34408,52.51576],[13.34348,52.51572],[13.34337,52.51561],[13.34322,52.51557],[13.33925,52.51531],[13.33883,52.51549],[13.3383,52.5151],[13.33806,52.51477],[13.338,52.51459],[13.33798,52.51438],[13.33809,52.51393],[13.33601,52.51379]]]}},{"type":"Feature","id":"0120","properties":{"region_id":"0120","region_name":"Moabit"},"geometry":{"type":"Polygon","coordinates":[[[13.33422,52.51677],[13.33479,52.5155],[13.33533,52.51504],[13.33538,52.51486],[13.33614,52.51438],[13.33592,52.51396],[13.33611,52.51397],[13.33601,52.51379],[13.33809,52.51393],[13.33798,52.51438],[13.338,52.51459],[13.33806,52.51477],[13.3383,52.5151],[13.33883,52.51549],[13.33925,52.51531],[13.34322,52.51557],[13.34337,52.51561],[13.34348,52.51572],[13.34408,52.51576],[13.34404,52.51599],[13.34423,52.516],[13.34424,52.5159],[13.34525,52.51596],[13.34562,52.5162],[13.34457,52.51665],[13.34475,52.51681],[13.34537,52.51763],[13.34572,52.5177],[13.34722,52.51781],[13.34724,52.51799],[13.34743,52.51798],[13.34745,52.51823],[13.34738,52.51823],[13.34741,52.51848],[13.34729,52.51848],[13.34734,52.5191],[13.34753,52.51909],[13.34829,52.51971],[13.35015,52.51958],[13.35004,52.51967],[13.3503,52.51965],[13.35103,52.51919],[13.35234,52.51855],[13.35362,52.51785],[13.35454,52.51743],[13.35492,52.51728],[13.35514,52.51723],[13.35616,52.51708],[13.35706,52.51707],[13.35821,52.51721],[13.35947,52.51747],[13.36005,52.51765],[13.3605,52.51785],[13.36181,52.51867],[13.36241,52.51895],[13.36408,52.51941],[13.3645,52.51942],[13.36515,52.51959],[13.36549,52.51979],[13.36638,52.52005],[13.36736,52.52041],[13.36772,52.52059],[13.36812,52.52087],[13.36846,52.52114],[13.36944,52.52208],[13.36979,52.52232],[13.37017,52.52249],[13.37069,52.52265],[13.37115,52.52274],[13.37169,52.52279],[13.3717,52.52339],[13.37177,52.52361],[13.37176,52.5248],[13.37103,52.52524],[13.37104,52.52649],[13.37338,52.5265],[13.3736,52.52665],[13.37381,52.52687],[13.37385,52.52716],[13.37381,52.52743],[13.37373,52.52763],[13.37357,52.52789],[13.37324,52.52827],[13.37215,52.52917],[13.37097,52.53037],[13.36975,52.53201],[13.36937,52.53244],[13.36921,52.53256],[13.3685,52.53326],[13.36842,52.53331],[13.36687,52.5348],[13.36579,52.53577],[13.36631,52.53593],[13.36591,52.53627],[13.36593,52.53636],[13.36604,52.53642],[13.36599,52.53653],[13.36576,52.5365],[13.36568,52.53653],[13.36551,52.53675],[13.3653,52.53688],[13.36277,52.53779],[13.36257,52.53782],[13.3623,52.5378],[13.36203,52.53772],[13.3617,52.53757],[13.36144,52.53756],[13.36088,52.53774],[13.36085,52.53783],[13.36068,52.5379],[13.35716,52.53884],[13.3563,52.53911],[13.35542,52.53931],[13.35477,52.53941],[13.35379,52.53949],[13.35274,52.53945],[13.35202,52.53935],[13.34898,52.53871],[13.34804,52.53863],[13.34694,52.53865],[13.34466,52.53893],[13.33943,52.53967],[13.33888,52.53978],[13.33459,52.54097],[13.33428,52.541],[13.33361,52.54116],[13.33211,52.54122],[13.32883,52.54103],[13.32813,52.54109],[13.32731,52.54131],[13.32714,52.53973],[13.32719,52.53965],[13.32913,52.53823],[13.32846,52.53804],[13.32687,52.5378],[13.32687,52.53777],[13.32683,52.53775],[13.32593,52.53762],[13.32585,52.53767],[13.31141,52.53561],[13.31255,52.53265],[13.31279,52.53231],[13.31292,52.5322],[13.31303,52.53187],[13.31337,52.53193],[13.3134,52.53188],[13.31703,52.53235],[13.31719,52.53233],[13.31751,52.53238],[13.31705,52.53205],[13.31731,52.53154],[13.31698,52.5313],[13.31674,52.53119],[13.31661,52.53116],[13.31675,52.5309],[13.31447,52.53048],[13.31385,52.53033],[13.31335,52.53026],[13.31665,52.52096],[13.3178,52.52037],[13.31878,52.52111],[13.31874,52.52187],[13.31869,52.52207],[13.31894,52.52307],[13.31917,52.52342],[13.31955,52.52378],[13.32001,52.52407],[13.32026,52.52419],[13.32082,52.52439],[13.32137,52.52452],[13.32199,52.5246],[13.32325,52.52469],[13.32411,52.52465],[13.32506,52.52446],[13.3258,52.52422],[13.32642,52.52397],[13.32692,52.52372],[13.32823,52.52285],[13.32862,52.52255],[13.32866,52.52255],[13.3289,52.52233],[13.32889,52.5223],[13.3292,52.52193],[13.32936,52.52165],[13.32949,52.52133],[13.32955,52.52092],[13.32949,52.52046],[13.32913,52.51939],[13.3291,52.51899],[13.32916,52.5187],[13.32928,52.51844],[13.32947,52.51815],[13.32979,52.51781],[13.33031,52.51745],[13.33089,52.51713],[13.33174,52.51684],[13.33228,52.5167],[13.33334,52.51667],[13.33422,52.51677]]]}},{"type":"Feature","id":"0130","properties":{"region_id":"0130","region_name":"Gesundbrunnen"},"geometry":{"type":"Polygon","coordinates":[[[13.3663,52.54257],[13.36529,52.54213],[13.36316,52.54138],[13.36325,52.54127],[13.36195,52.54066],[13.35953,52.5396],[13.35963,52.53953],[13.35931,52.53939],[13.35925,52.53943],[13.35774,52.53869],[13.36079,52.53787],[13.36086,52.53783],[13.36088,52.53774],[13.36144,52.53756],[13.3617,52.53757],[13.36203,52.53772],[13.36233,52.5378],[13.36261,52.53781],[13.36288,52.53776],[13.3653,52.53688],[13.36551,52.53675],[13.36568,52.53653],[13.36576,52.5365],[13.36599,52.53653],[13.36604,52.53642],[13.36593,52.53636],[13.36591,52.53627],[13.36631,52.53593],[13.36663,52.53602],[13.36788,52.53662],[13.36861,52.53599],[13.37298,52.53804],[13.37455,52.53703],[13.37493,52.53733],[13.37617,52.53806],[13.37613,52.53809],[13.37951,52.5401],[13.37971,52.54011],[13.38001,52.53975],[13.3821,52.53774],[13.38344,52.53659],[13.3849,52.53542],[13.38619,52.53429],[13.38756,52.53327],[13.38796,52.53346],[13.38821,52.53362],[13.39015,52.53536],[13.39042,52.53548],[13.39323,52.53726],[13.39352,52.53742],[13.39586,52.53809],[13.39662,52.53827],[13.40353,52.54021],[13.40338,52.54051],[13.40203,52.54012],[13.40091,52.54196],[13.40025,52.54338],[13.39982,52.54506],[13.39921,52.54653],[13.4003,52.54665],[13.39923,52.54907],[13.3989,52.55089],[13.39685,52.5507],[13.39736,52.55112],[13.39763,52.55142],[13.39798,52.5522],[13.39806,52.5526],[13.39807,52.55281],[13.39798,52.55323],[13.39731,52.55566],[13.39718,52.55634],[13.39714,52.55789],[13.39717,52.55789],[13.3971,52.55827],[13.39701,52.55844],[13.39696,52.55881],[13.39654,52.56043],[13.39632,52.56108],[13.39622,52.56129],[13.39591,52.56182],[13.3949,52.56295],[13.3942,52.56366],[13.39373,52.56409],[13.39333,52.56437],[13.39339,52.5644],[13.39286,52.56476],[13.39134,52.56562],[13.39107,52.56565],[13.39103,52.56562],[13.39071,52.5658],[13.39074,52.56582],[13.39063,52.56602],[13.38892,52.567],[13.38895,52.56707],[13.38879,52.56715],[13.38905,52.56733],[13.38906,52.56738],[13.38866,52.56766],[13.38852,52.56761],[13.3884,52.56767],[13.3879,52.56731],[13.38455,52.56774],[13.3843,52.56771],[13.38116,52.56642],[13.37868,52.56614],[13.37859,52.56619],[13.37715,52.56066],[13.37083,52.56054],[13.36994,52.55993],[13.36666,52.55823],[13.36684,52.5573],[13.36833,52.55738],[13.38415,52.55613],[13.38178,52.55279],[13.38159,52.55263],[13.38097,52.55228],[13.38098,52.55223],[13.37052,52.54572],[13.37021,52.54513],[13.36918,52.54532],[13.36922,52.54497],[13.36897,52.54497],[13.36898,52.54494],[13.36194,52.54504],[13.3663,52.54257]]]}},{"type":"Feature","id":"0140","properties":{"region_id":"0140","region_name":"Wedding"},"geometry":{"type":"Polygon","coordinates":[[[13.36529,52.54213],[13.3663,52.54257],[13.36194,52.54504],[13.36898,52.54494],[13.36897,52.54497],[13.36922,52.54497],[13.36918,52.54532],[13.37021,52.54513],[13.37052,52.54572],[13.38098,52.55223],[13.38097,52.55228],[13.38159,52.55263],[13.38178,52.55279],[13.38415,52.55613],[13.36833,52.55738],[13.36684,52.5573],[13.36666,52.55823],[13.3651,52.55812],[13.36452,52.56118],[13.3601,52.56047],[13.35981,52.56181],[13.35971,52.56185],[13.3569,52.56202],[13.34909,52.56193],[13.34874,52.562],[13.34871,52.56207],[13.3371,52.56446],[13.3321,52.56179],[13.33179,52.56166],[13.33092,52.56215],[13.32679,52.56238],[13.32676,52.56226],[13.32653,52.56183],[13.32637,52.56161],[13.32615,52.56141],[13.32587,52.5612],[13.32557,52.56104],[13.32488,52.56078],[13.3239,52.56057],[13.31923,52.55998],[13.31776,52.55974],[13.31275,52.55855],[13.30967,52.55772],[13.30716,52.55509],[13.30718,52.55508],[13.30362,52.55129],[13.30273,52.55028],[13.30153,52.54881],[13.30508,52.54872],[13.31295,52.54837],[13.31794,52.54824],[13.31865,52.54772],[13.31933,52.5473],[13.32029,52.54644],[13.32219,52.545],[13.32287,52.54453],[13.32346,52.54403],[13.32584,52.54216],[13.32627,52.54191],[13.32623,52.54187],[13.32684,52.54161],[13.32733,52.54143],[13.32731,52.54131],[13.32813,52.54109],[13.32883,52.54103],[13.33211,52.54122],[13.33361,52.54116],[13.33428,52.541],[13.33459,52.54097],[13.33888,52.53978],[13.33943,52.53967],[13.34446,52.53896],[13.34687,52.53865],[13.34804,52.53863],[13.34879,52.53869],[13.34951,52.5388],[13.35214,52.53937],[13.35274,52.53945],[13.35366,52.53949],[13.35463,52.53943],[13.35542,52.53931],[13.3563,52.53911],[13.35774,52.53869],[13.35925,52.53943],[13.35931,52.53939],[13.35963,52.53953],[13.35953,52.5396],[13.36195,52.54066],[13.36325,52.54127],[13.36316,52.54138],[13.36529,52.54213]]]}},{"type":"Feature","id":"0210","properties":{"region_id":"0210","region_name":"Kreuzberg Nord"},"geometry":{"type":"Polygon","coordinates":[[[13.41396,52.50047],[13.41454,52.50128],[13.41446,52.50134],[13.41475,52.50174],[13.41433,52.50186],[13.41522,52.50311],[13.41466,52.50437],[13.41461,52.50468],[13.41407,52.50404],[13.41152,52.50489],[13.40997,52.50693],[13.40803,52.50618],[13.40739,52.50666],[13.40736,52.50665],[13.40528,52.50821],[13.40463,52.50792],[13.40443,52.50777],[13.40391,52.50805],[13.40275,52.50854],[13.4021,52.50873],[13.40023,52.50938],[13.40019,52.50938],[13.39923,52.50808],[13.39877,52.50811],[13.37894,52.50693],[13.37765,52.50797],[13.37498,52.50338],[13.37479,52.50326],[13.37471,52.50299],[13.37611,52.50222],[13.37687,52.5017],[13.37727,52.50127],[13.37768,52.50057],[13.37796,52.50017],[13.37817,52.49994],[13.37844,52.49973],[13.37889,52.49952],[13.37886,52.49949],[13.37938,52.4993],[13.38051,52.49907],[13.38139,52.49898],[13.38362,52.49907],[13.38442,52.49899],[13.38549,52.49878],[13.38873,52.49801],[13.39057,52.49768],[13.39119,52.49767],[13.39136,52.49772],[13.39222,52.49776],[13.39459,52.49802],[13.3955,52.498],[13.39651,52.49792],[13.39792,52.4977],[13.39941,52.49729],[13.40075,52.49705],[13.4023,52.49686],[13.40543,52.49661],[13.40549,52.49663],[13.40751,52.49639],[13.40909,52.49613],[13.41248,52.49548],[13.4134,52.49537],[13.41433,52.49534],[13.41624,52.4955],[13.41677,52.49561],[13.41774,52.49597],[13.41819,52.49608],[13.41956,52.49619],[13.42023,52.49616],[13.41995,52.49656],[13.41873,52.49876],[13.41876,52.49877],[13.41891,52.49924],[13.41822,52.49958],[13.41795,52.49967],[13.41773,52.49936],[13.41396,52.50047]]]}},{"type":"Feature","id":"0220","properties":{"region_id":"0220","region_name":"Kreuzberg Süd"},"geometry":{"type":"Polygon","coordinates":[[[13.40772,52.48875],[13.40789,52.48886],[13.42084,52.48717],[13.42368,52.48636],[13.42402,52.48668],[13.42494,52.48778],[13.42541,52.48809],[13.4249,52.4889],[13.42487,52.48891],[13.42488,52.48894],[13.4242,52.49004],[13.42079,52.49548],[13.42036,52.49591],[13.42023,52.49616],[13.41956,52.49619],[13.41819,52.49608],[13.41774,52.49597],[13.41677,52.49561],[13.41624,52.4955],[13.41433,52.49534],[13.4134,52.49537],[13.41248,52.49548],[13.40909,52.49613],[13.40751,52.49639],[13.40549,52.49663],[13.40543,52.49661],[13.4023,52.49686],[13.40075,52.49705],[13.39941,52.49729],[13.39792,52.4977],[13.39651,52.49792],[13.3955,52.498],[13.39459,52.49802],[13.39222,52.49776],[13.39136,52.49772],[13.39119,52.49767],[13.39057,52.49768],[13.38873,52.49801],[13.38549,52.49878],[13.38442,52.49899],[13.38362,52.49907],[13.38139,52.49898],[13.38051,52.49907],[13.37932,52.49931],[13.37886,52.49949],[13.37889,52.49952],[13.37854,52.49967],[13.37834,52.4998],[13.37811,52.5],[13.37788,52.50027],[13.37727,52.50127],[13.37692,52.50165],[13.37611,52.50222],[13.37471,52.50299],[13.37479,52.50326],[13.37468,52.50323],[13.37425,52.50349],[13.37361,52.50416],[13.37303,52.50336],[13.37138,52.50157],[13.37085,52.4999],[13.36953,52.49887],[13.36973,52.49878],[13.3696,52.49811],[13.36868,52.49739],[13.36841,52.49448],[13.36858,52.49396],[13.36822,52.49333],[13.36916,52.49314],[13.36924,52.49328],[13.37108,52.49291],[13.37107,52.49276],[13.37643,52.49168],[13.3764,52.49143],[13.37548,52.49046],[13.3754,52.48943],[13.37473,52.48938],[13.37354,52.48798],[13.3735,52.48775],[13.37416,52.48771],[13.37416,52.48716],[13.37402,52.48517],[13.37164,52.48518],[13.37161,52.48512],[13.37166,52.48512],[13.37157,52.48495],[13.38627,52.48486],[13.38629,52.48583],[13.39425,52.48577],[13.39424,52.4841],[13.39452,52.48411],[13.39464,52.48403],[13.40023,52.48391],[13.40046,52.48381],[13.40189,52.48365],[13.40329,52.48342],[13.4064,52.48277],[13.40675,52.48513],[13.40686,52.48548],[13.40711,52.48582],[13.40853,52.48714],[13.40791,52.48848],[13.40784,52.48849],[13.40772,52.48875]]]}},{"type":"Feature","id":"0230","properties":{"region_id":"0230","region_name":"Kreuzberg Ost"},"geometry":{"type":"Polygon","coordinates":[[[13.45335,52.49752],[13.4527,52.49801],[13.45276,52.49809],[13.45271,52.49822],[13.45226,52.49846],[13.45221,52.49847],[13.45219,52.49844],[13.45168,52.49878],[13.45165,52.49884],[13.45146,52.49892],[13.45111,52.49891],[13.45084,52.49886],[13.45059,52.49868],[13.45021,52.49885],[13.45031,52.49893],[13.45033,52.49905],[13.45027,52.49913],[13.44964,52.49948],[13.44899,52.4997],[13.44891,52.49964],[13.44859,52.4998],[13.4484,52.49984],[13.44844,52.49988],[13.44651,52.50051],[13.44597,52.50074],[13.44147,52.50291],[13.4385,52.504],[13.43847,52.50398],[13.43713,52.50456],[13.43612,52.50521],[13.43612,52.50528],[13.43548,52.50565],[13.4344,52.5061],[13.43397,52.50638],[13.43206,52.50735],[13.43057,52.50801],[13.4294,52.50857],[13.42903,52.50804],[13.42882,52.50798],[13.4272,52.50567],[13.42671,52.5058],[13.42582,52.50542],[13.42495,52.50518],[13.42406,52.50504],[13.42308,52.50498],[13.42242,52.505],[13.42154,52.50508],[13.41943,52.50565],[13.41912,52.50522],[13.41892,52.50508],[13.41894,52.50506],[13.41853,52.50497],[13.41821,52.50502],[13.4176,52.50417],[13.41491,52.50492],[13.41459,52.50479],[13.41466,52.50437],[13.41522,52.50311],[13.41433,52.50186],[13.41475,52.50174],[13.41446,52.50134],[13.41454,52.50128],[13.41396,52.50047],[13.41773,52.49936],[13.41795,52.49967],[13.41822,52.49958],[13.41891,52.49924],[13.41876,52.49877],[13.41873,52.49876],[13.41995,52.49656],[13.4204,52.49586],[13.42153,52.49569],[13.42262,52.49541],[13.4304,52.49288],[13.43827,52.49038],[13.43926,52.48961],[13.43963,52.48966],[13.43969,52.49008],[13.43976,52.49035],[13.43989,52.4906],[13.44004,52.49073],[13.44078,52.49117],[13.44498,52.49442],[13.44548,52.49464],[13.44582,52.49472],[13.44633,52.49473],[13.44701,52.49463],[13.44734,52.49465],[13.44766,52.49472],[13.44785,52.49482],[13.4507,52.49693],[13.45065,52.49694],[13.45091,52.49711],[13.45151,52.49735],[13.45224,52.49751],[13.45271,52.49758],[13.45335,52.49752]]]}},{"type":"Feature","id":"0240","properties":{"region_id":"0240","region_name":"Friedrichshain West"},"geometry":{"type":"Polygon","coordinates":[[[13.41975,52.52555],[13.4241,52.52384],[13.42543,52.52344],[13.42598,52.52334],[13.4265,52.52329],[13.42652,52.52294],[13.426,52.52293],[13.42591,52.52283],[13.42555,52.52279],[13.42919,52.5212],[13.4284,52.51959],[13.42745,52.51961],[13.42692,52.51974],[13.42593,52.51839],[13.42631,52.51829],[13.42615,52.51807],[13.42675,52.51796],[13.4251,52.51507],[13.42401,52.51368],[13.42384,52.51337],[13.42278,52.51224],[13.42318,52.51208],[13.42452,52.51137],[13.42808,52.50928],[13.42837,52.50907],[13.42913,52.5089],[13.42924,52.50867],[13.4294,52.50857],[13.43057,52.50801],[13.43206,52.50735],[13.43397,52.50638],[13.4344,52.5061],[13.43548,52.50565],[13.43612,52.50528],[13.43612,52.50521],[13.43713,52.50456],[13.43847,52.50398],[13.4385,52.504],[13.44147,52.50291],[13.44516,52.50113],[13.44719,52.50274],[13.44726,52.50283],[13.44721,52.50285],[13.44925,52.5055],[13.44908,52.50555],[13.44919,52.50571],[13.44937,52.50583],[13.44931,52.50587],[13.45018,52.50726],[13.44984,52.50735],[13.45007,52.50772],[13.45289,52.514],[13.4528,52.51402],[13.45294,52.51432],[13.45297,52.51431],[13.45356,52.51563],[13.45351,52.516],[13.45322,52.51689],[13.45278,52.51805],[13.45237,52.5182],[13.45234,52.51827],[13.45231,52.51848],[13.45247,52.51869],[13.45138,52.52027],[13.45135,52.52045],[13.4502,52.52214],[13.44997,52.52234],[13.44738,52.52613],[13.44717,52.52641],[13.44656,52.52698],[13.44648,52.52714],[13.44228,52.53103],[13.43875,52.52878],[13.43831,52.5288],[13.43748,52.52955],[13.42503,52.5281],[13.42485,52.52788],[13.42466,52.52791],[13.424,52.52788],[13.42364,52.52792],[13.41975,52.52555]]]}},{"type":"Feature","id":"0250","properties":{"region_id":"0250","region_name":"Friedrichshain Ost"},"geometry":{"type":"Polygon","coordinates":[[[13.48296,52.48605],[13.48595,52.4874],[13.48674,52.48765],[13.48755,52.48779],[13.4885,52.48784],[13.48915,52.48776],[13.48987,52.48764],[13.49071,52.48744],[13.49145,52.48827],[13.48881,52.48925],[13.48846,52.48989],[13.48609,52.4908],[13.48577,52.4912],[13.48494,52.4916],[13.48415,52.49166],[13.47308,52.49899],[13.46857,52.49965],[13.46877,52.50016],[13.46888,52.50016],[13.4692,52.50112],[13.46953,52.50194],[13.46967,52.50229],[13.46975,52.50232],[13.46975,52.50245],[13.47021,52.50374],[13.47042,52.50406],[13.47129,52.505],[13.47116,52.50513],[13.47175,52.50574],[13.47226,52.50611],[13.47271,52.50636],[13.47273,52.50646],[13.4728,52.50649],[13.47277,52.50657],[13.47283,52.50671],[13.47341,52.50692],[13.47307,52.50713],[13.47382,52.50793],[13.47381,52.50801],[13.47394,52.50797],[13.47403,52.50807],[13.4739,52.5081],[13.47396,52.50811],[13.47542,52.50963],[13.47583,52.51026],[13.47616,52.51035],[13.47627,52.51044],[13.47589,52.51205],[13.47594,52.51206],[13.47593,52.51211],[13.47584,52.51212],[13.47563,52.51306],[13.47553,52.51307],[13.47544,52.51343],[13.4755,52.51382],[13.47589,52.51486],[13.47748,52.51439],[13.47775,52.51473],[13.47671,52.51505],[13.47655,52.51517],[13.47645,52.5153],[13.47601,52.51619],[13.4742,52.51912],[13.47376,52.51909],[13.47308,52.51988],[13.47321,52.51988],[13.47255,52.52053],[13.47235,52.52051],[13.47227,52.52068],[13.47214,52.52067],[13.47211,52.52069],[13.4627,52.51993],[13.45529,52.52127],[13.45616,52.52246],[13.4558,52.52255],[13.45242,52.52753],[13.45218,52.5278],[13.45077,52.52748],[13.44717,52.52641],[13.44997,52.52234],[13.4502,52.52214],[13.45135,52.52045],[13.45138,52.52027],[13.45247,52.51869],[13.45231,52.51848],[13.45234,52.51827],[13.45237,52.5182],[13.45278,52.51805],[13.45322,52.51689],[13.45351,52.516],[13.45356,52.51563],[13.45297,52.51431],[13.45294,52.51432],[13.4528,52.51402],[13.45289,52.514],[13.45019,52.50797],[13.45007,52.50772],[13.44984,52.50735],[13.45018,52.50726],[13.44931,52.50587],[13.44937,52.50583],[13.44919,52.50571],[13.44908,52.50555],[13.44925,52.5055],[13.44721,52.50285],[13.44726,52.50283],[13.44719,52.50274],[13.44516,52.50113],[13.44651,52.50051],[13.44844,52.49988],[13.4484,52.49984],[13.44859,52.4998],[13.44891,52.49964],[13.44899,52.4997],[13.44964,52.49948],[13.45027,52.49913],[13.45033,52.49905],[13.45031,52.49893],[13.45021,52.49885],[13.45059,52.49868],[13.45084,52.49886],[13.45111,52.49891],[13.45146,52.49892],[13.45165,52.49884],[13.45168,52.49878],[13.45219,52.49844],[13.45221,52.49847],[13.45226,52.49846],[13.45271,52.49822],[13.45276,52.49809],[13.4527,52.49801],[13.45335,52.49752],[13.45407,52.49756],[13.45504,52.49737],[13.45507,52.49742],[13.45945,52.49655],[13.46193,52.49559],[13.46306,52.49535],[13.46319,52.49545],[13.46338,52.49538],[13.46393,52.49511],[13.46398,52.49503],[13.46317,52.49435],[13.4632,52.49422],[13.46422,52.49374],[13.46706,52.49269],[13.4685,52.49234],[13.47102,52.49149],[13.47379,52.49103],[13.47544,52.49033],[13.47613,52.48996],[13.47705,52.48931],[13.47769,52.48878],[13.47787,52.48813],[13.47799,52.48787],[13.47863,52.48703],[13.47924,52.48787],[13.47942,52.48792],[13.47986,52.48794],[13.48047,52.48789],[13.48168,52.48764],[13.48206,52.48744],[13.48296,52.48605]]]}},{"type":"Feature","id":"0310","properties":{"region_id":"0310","region_name":"Buch"},"geometry":{"type":"MultiPolygon","coordinates":[[[[13.51846,52.63166],[13.51974,52.63443],[13.52041,52.63571],[13.52088,52.6369],[13.52106,52.63749],[13.52172,52.63866],[13.5223,52.64036],[13.52244,52.64076],[13.52257,52.64174],[13.52281,52.64313],[13.52294,52.64404],[13.52302,52.64503],[13.5218,52.64494],[13.52039,52.64488],[13.51994,52.6455],[13.51985,52.6458],[13.51927,52.64695],[13.51786,52.6467],[13.51519,52.64612],[13.51283,52.6454],[13.51193,52.64583],[13.50727,52.64831],[13.50472,52.64956],[13.50314,52.64997],[13.49076,52.6548],[13.48536,52.65943],[13.48842,52.67079],[13.48522,52.66964],[13.48379,52.6693],[13.47993,52.66811],[13.47797,52.66768],[13.47697,52.66712],[13.47583,52.66655],[13.47566,52.66669],[13.47556,52.66687],[13.47558,52.66706],[13.47555,52.66728],[13.4757,52.6675],[13.47568,52.66754],[13.4753,52.6679],[13.47513,52.66799],[13.47459,52.66806],[13.47453,52.66822],[13.47474,52.66859],[13.47612,52.67084],[13.47647,52.67136],[13.47691,52.67179],[13.47726,52.67207],[13.47985,52.67472],[13.48008,52.67486],[13.47949,52.67551],[13.47727,52.6739],[13.47628,52.67449],[13.47552,52.67502],[13.47549,52.67501],[13.47356,52.67344],[13.47071,52.67102],[13.47052,52.67107],[13.46593,52.66712],[13.45955,52.66898],[13.45551,52.66575],[13.45522,52.66563],[13.45079,52.66267],[13.45395,52.66185],[13.46238,52.65754],[13.47351,52.65653],[13.47353,52.65637],[13.47368,52.65632],[13.47413,52.65594],[13.47426,52.65575],[13.47427,52.65569],[13.47422,52.65559],[13.47419,52.65536],[13.47404,52.65486],[13.47408,52.65477],[13.47403,52.65456],[13.47412,52.65452],[13.47406,52.65433],[13.47391,52.65412],[13.47361,52.65391],[13.47327,52.65383],[13.47296,52.65369],[13.47271,52.65363],[13.47241,52.65348],[13.47218,52.65341],[13.47197,52.65323],[13.47179,52.65314],[13.47109,52.65266],[13.4705,52.65236],[13.46997,52.65186],[13.46927,52.65167],[13.46901,52.65167],[13.46876,52.65173],[13.46866,52.65172],[13.46849,52.65164],[13.46831,52.65166],[13.46801,52.6516],[13.46766,52.65159],[13.46733,52.65167],[13.46707,52.65165],[13.46693,52.65161],[13.46679,52.65152],[13.46658,52.65148],[13.46572,52.65117],[13.46503,52.65074],[13.46473,52.65069],[13.46452,52.65056],[13.46428,52.65052],[13.46425,52.65042],[13.4641,52.65044],[13.46387,52.65038],[13.46306,52.64992],[13.46276,52.64962],[13.46254,52.64922],[13.46241,52.64906],[13.46221,52.64889],[13.46212,52.64885],[13.46129,52.64873],[13.46041,52.64848],[13.46007,52.64831],[13.45973,52.64808],[13.45645,52.64842],[13.45627,52.64838],[13.45208,52.6487],[13.4521,52.64967],[13.45198,52.64969],[13.45169,52.64962],[13.4516,52.64974],[13.45098,52.64985],[13.44874,52.65],[13.44789,52.65004],[13.44749,52.65003],[13.44676,52.6499],[13.44645,52.64979],[13.44538,52.64956],[13.44491,52.6495],[13.44331,52.64954],[13.4432,52.64935],[13.44289,52.64936],[13.44277,52.64912],[13.44161,52.64902],[13.44165,52.64933],[13.44155,52.64938],[13.44082,52.64926],[13.43979,52.64527],[13.43908,52.64521],[13.43711,52.64487],[13.4357,52.64466],[13.43526,52.64453],[13.43401,52.64428],[13.43387,52.64401],[13.43382,52.64382],[13.43374,52.64323],[13.43353,52.64243],[13.43348,52.64212],[13.43351,52.64212],[13.43339,52.64147],[13.43426,52.63795],[13.43272,52.63738],[13.42763,52.63751],[13.42661,52.63691],[13.42667,52.63662],[13.42675,52.63567],[13.42696,52.63124],[13.4272,52.63107],[13.42724,52.63059],[13.42704,52.63059],[13.42723,52.62881],[13.42734,52.62832],[13.42813,52.62608],[13.42843,52.62607],[13.42869,52.62564],[13.42934,52.62479],[13.42955,52.62442],[13.42988,52.62409],[13.43098,52.62312],[13.43233,52.6222],[13.43306,52.62173],[13.43516,52.62046],[13.44392,52.61501],[13.44489,52.61435],[13.4456,52.61381],[13.44622,52.61329],[13.44672,52.6128],[13.44727,52.61219],[13.44792,52.6113],[13.44841,52.61048],[13.44887,52.60921],[13.44898,52.60872],[13.44909,52.60788],[13.44918,52.60795],[13.44973,52.60808],[13.44993,52.60816],[13.45011,52.60827],[13.45024,52.6084],[13.4505,52.60881],[13.4505,52.60888],[13.45086,52.60962],[13.45084,52.60963],[13.45146,52.61094],[13.45163,52.61119],[13.45206,52.61166],[13.4526,52.61209],[13.45369,52.61273],[13.45372,52.61272],[13.45623,52.61428],[13.4583,52.61553],[13.46442,52.61842],[13.465,52.61874],[13.46549,52.61905],[13.46914,52.62189],[13.46997,52.62252],[13.47026,52.62271],[13.47062,52.62289],[13.47329,52.62396],[13.47395,52.62417],[13.47813,52.62531],[13.47818,52.6253],[13.47891,52.62548],[13.47964,52.62557],[13.48046,52.62553],[13.48088,52.62555],[13.4812,52.62552],[13.48211,52.62553],[13.48275,52.62562],[13.48341,52.62583],[13.4834,52.62578],[13.48657,52.6244],[13.48875,52.62358],[13.49149,52.62281],[13.49172,52.62279],[13.49218,52.62266],[13.49245,52.62255],[13.49372,52.62221],[13.49847,52.62118],[13.50123,52.62052],[13.50338,52.61996],[13.50394,52.61986],[13.50472,52.61964],[13.50546,52.61997],[13.50585,52.62575],[13.50789,52.62659],[13.51027,52.62743],[13.51139,52.62779],[13.51465,52.62863],[13.51782,52.62957],[13.51846,52.63166]]],[[[13.50484,52.61961],[13.50506,52.61956],[13.50544,52.61969],[13.50545,52.61989],[13.50484,52.61961]]]]}},{"type":"Feature","id":"0320","properties":{"region_id":"0320","region_name":"Nördliches Pankow"},"geometry":{"type":"Polygon","coordinates":[[[13.37579,52.60702],[13.376,52.60695],[13.37598,52.60693],[13.37611,52.60674],[13.37701,52.60667],[13.3777,52.60656],[13.37888,52.60625],[13.3791,52.60623],[13.38379,52.60482],[13.38349,52.60442],[13.38295,52.60423],[13.38269,52.60394],[13.38259,52.60375],[13.38269,52.60366],[13.38413,52.60308],[13.38417,52.60304],[13.38418,52.60232],[13.38315,52.60077],[13.38307,52.60051],[13.38312,52.60013],[13.38316,52.60004],[13.38328,52.59991],[13.38588,52.59873],[13.38611,52.59853],[13.38595,52.59838],[13.38458,52.59785],[13.38649,52.59705],[13.3868,52.59696],[13.38678,52.59693],[13.38709,52.59684],[13.38711,52.59687],[13.39039,52.59588],[13.38952,52.59414],[13.38901,52.59278],[13.38858,52.59181],[13.38834,52.59144],[13.38823,52.5912],[13.38777,52.59061],[13.38389,52.58801],[13.38365,52.58776],[13.38346,52.58745],[13.38385,52.58704],[13.38409,52.58459],[13.38418,52.58428],[13.38434,52.58403],[13.38448,52.58393],[13.38494,52.58363],[13.38508,52.58368],[13.38544,52.58318],[13.38768,52.57972],[13.38699,52.57966],[13.38683,52.57948],[13.38672,52.57919],[13.38672,52.57913],[13.3867,52.57912],[13.38671,52.57886],[13.38687,52.57861],[13.38691,52.57845],[13.38733,52.57802],[13.3876,52.57765],[13.38773,52.57756],[13.38839,52.57737],[13.38923,52.57708],[13.39051,52.57682],[13.3909,52.57668],[13.39113,52.57656],[13.39148,52.57632],[13.39241,52.57586],[13.39291,52.57565],[13.3932,52.57568],[13.39362,52.57565],[13.39402,52.57552],[13.39435,52.57536],[13.39533,52.57515],[13.39656,52.57518],[13.39696,52.57495],[13.39719,52.57492],[13.39781,52.57474],[13.39857,52.57459],[13.39873,52.57439],[13.39886,52.57441],[13.39897,52.57438],[13.39903,52.57436],[13.39911,52.57422],[13.39921,52.57421],[13.39948,52.57408],[13.39952,52.5743],[13.39989,52.57434],[13.39987,52.57448],[13.39989,52.57462],[13.39997,52.57474],[13.40012,52.57487],[13.40045,52.57502],[13.40101,52.57514],[13.40045,52.57611],[13.4017,52.57641],[13.40113,52.57735],[13.40145,52.57742],[13.40138,52.57753],[13.40323,52.5779],[13.40277,52.57884],[13.40317,52.57901],[13.40561,52.57952],[13.40559,52.57957],[13.40561,52.57962],[13.40579,52.57972],[13.40612,52.57974],[13.40621,52.57971],[13.40626,52.57965],[13.40785,52.57997],[13.40726,52.58109],[13.40702,52.58184],[13.41076,52.58224],[13.41155,52.58235],[13.41602,52.58368],[13.42513,52.58645],[13.43015,52.58907],[13.43056,52.58902],[13.43194,52.59299],[13.43463,52.5915],[13.43509,52.59129],[13.43536,52.59121],[13.4357,52.59115],[13.43539,52.59062],[13.43468,52.59013],[13.43475,52.59003],[13.43478,52.59005],[13.43516,52.58953],[13.43529,52.58928],[13.4359,52.58778],[13.43582,52.58764],[13.43574,52.58763],[13.43578,52.58754],[13.43616,52.5874],[13.43619,52.58743],[13.43638,52.58745],[13.43817,52.58905],[13.4406,52.59131],[13.44062,52.59138],[13.44057,52.59145],[13.44064,52.59152],[13.44081,52.59155],[13.44103,52.5917],[13.44285,52.59343],[13.44362,52.59421],[13.44406,52.59472],[13.4449,52.59582],[13.44584,52.5976],[13.44722,52.60063],[13.44802,52.60227],[13.44834,52.60302],[13.44888,52.60418],[13.44934,52.6054],[13.4497,52.60651],[13.44966,52.60658],[13.44974,52.60727],[13.44973,52.60808],[13.44918,52.60795],[13.44909,52.60788],[13.44898,52.60872],[13.44887,52.60921],[13.44841,52.61048],[13.44792,52.6113],[13.44727,52.61219],[13.44672,52.6128],[13.44622,52.61329],[13.4456,52.61381],[13.44489,52.61435],[13.44392,52.61501],[13.43516,52.62046],[13.43306,52.62173],[13.43233,52.6222],[13.43098,52.62312],[13.42988,52.62409],[13.42955,52.62442],[13.42934,52.62479],[13.42869,52.62564],[13.42843,52.62607],[13.42813,52.62608],[13.42734,52.62832],[13.42723,52.62881],[13.42704,52.63059],[13.42724,52.63059],[13.4272,52.63107],[13.42696,52.63124],[13.42675,52.63567],[13.42667,52.63662],[13.42661,52.63691],[13.42438,52.63557],[13.42435,52.63546],[13.42079,52.63741],[13.41655,52.63943],[13.41508,52.64063],[13.41426,52.64124],[13.41475,52.64178],[13.41474,52.64239],[13.41442,52.64251],[13.41363,52.64247],[13.41229,52.64348],[13.40788,52.64269],[13.40659,52.64385],[13.40389,52.64486],[13.40324,52.64519],[13.39791,52.64811],[13.39794,52.64829],[13.39777,52.64829],[13.3976,52.64822],[13.39727,52.64815],[13.39705,52.64802],[13.397,52.64795],[13.39684,52.64783],[13.39681,52.64769],[13.39639,52.64742],[13.3952,52.64744],[13.39455,52.64756],[13.3945,52.64753],[13.39447,52.64736],[13.39434,52.64717],[13.39391,52.64669],[13.39385,52.64652],[13.39393,52.64644],[13.39387,52.64632],[13.39373,52.64623],[13.39356,52.64617],[13.39335,52.64616],[13.39321,52.64605],[13.39315,52.64596],[13.39314,52.64588],[13.3933,52.6458],[13.3932,52.64571],[13.393,52.64564],[13.39293,52.64556],[13.39318,52.64541],[13.39304,52.64531],[13.39285,52.64532],[13.39283,52.64538],[13.39285,52.64547],[13.39272,52.64531],[13.39292,52.64526],[13.39295,52.64523],[13.39281,52.64515],[13.39253,52.6451],[13.39238,52.64498],[13.39243,52.6448],[13.39241,52.64478],[13.39234,52.64476],[13.39209,52.64482],[13.39191,52.64475],[13.39199,52.6446],[13.39226,52.64448],[13.39233,52.6444],[13.39217,52.64435],[13.39209,52.64438],[13.39202,52.64448],[13.39196,52.64446],[13.39202,52.64432],[13.39196,52.64426],[13.39183,52.6442],[13.3919,52.64411],[13.39204,52.64415],[13.39216,52.64414],[13.39219,52.64412],[13.39217,52.64404],[13.39181,52.64391],[13.39174,52.64384],[13.39221,52.64383],[13.39226,52.64381],[13.39229,52.6437],[13.3921,52.64368],[13.39174,52.64371],[13.3915,52.64363],[13.39169,52.64358],[13.39206,52.64358],[13.39218,52.64364],[13.39229,52.64365],[13.39231,52.64357],[13.39223,52.64348],[13.39227,52.64333],[13.39225,52.64328],[13.39221,52.64324],[13.39211,52.64323],[13.39197,52.64329],[13.39194,52.64332],[13.39201,52.64346],[13.39197,52.64347],[13.39197,52.64341],[13.39183,52.64339],[13.3913,52.64355],[13.39134,52.64334],[13.3913,52.64318],[13.3912,52.64317],[13.39112,52.64321],[13.39115,52.64307],[13.39107,52.64296],[13.39094,52.64289],[13.39067,52.64262],[13.39086,52.6426],[13.39091,52.64254],[13.3909,52.64247],[13.39077,52.6424],[13.39041,52.64248],[13.39014,52.64244],[13.39057,52.64224],[13.39059,52.64219],[13.39055,52.64215],[13.39037,52.6421],[13.3902,52.64215],[13.39024,52.642],[13.39032,52.64195],[13.39026,52.64189],[13.39043,52.64188],[13.39046,52.64183],[13.3904,52.64179],[13.39017,52.64175],[13.39005,52.64157],[13.3901,52.6415],[13.39033,52.64156],[13.39039,52.64153],[13.39038,52.64147],[13.39018,52.64135],[13.38981,52.64142],[13.38988,52.64152],[13.38966,52.64152],[13.38969,52.64123],[13.39005,52.64119],[13.38991,52.64099],[13.3901,52.64095],[13.39014,52.64091],[13.39012,52.64084],[13.39028,52.64087],[13.3904,52.64085],[13.39038,52.64078],[13.39024,52.6407],[13.39013,52.64051],[13.38991,52.64054],[13.39019,52.64039],[13.39044,52.64015],[13.39046,52.6401],[13.39037,52.64005],[13.39039,52.63999],[13.39061,52.63992],[13.39037,52.63981],[13.39015,52.63967],[13.38989,52.63948],[13.38987,52.6394],[13.38961,52.63937],[13.38975,52.63923],[13.38994,52.63912],[13.38989,52.63907],[13.38961,52.63902],[13.38961,52.63895],[13.38976,52.6389],[13.38967,52.63888],[13.38955,52.63889],[13.38944,52.63884],[13.38947,52.63881],[13.38982,52.63885],[13.38982,52.63878],[13.38968,52.63864],[13.38956,52.63858],[13.38952,52.63847],[13.38935,52.63825],[13.38906,52.63813],[13.38933,52.63795],[13.38933,52.63789],[13.38928,52.63785],[13.38894,52.63786],[13.38921,52.63768],[13.38921,52.63762],[13.38862,52.63759],[13.38831,52.63742],[13.38835,52.63729],[13.38832,52.63722],[13.38823,52.63717],[13.38808,52.63716],[13.38762,52.63724],[13.38706,52.63699],[13.38695,52.63697],[13.3867,52.63702],[13.38653,52.63687],[13.38636,52.63693],[13.38635,52.63688],[13.38642,52.63678],[13.38637,52.63674],[13.38612,52.63678],[13.38575,52.63658],[13.38553,52.63663],[13.38515,52.63652],[13.38509,52.63649],[13.3852,52.63641],[13.38521,52.63635],[13.38508,52.63626],[13.38491,52.63629],[13.38476,52.63645],[13.38467,52.63643],[13.3846,52.63629],[13.38453,52.63624],[13.38445,52.63625],[13.38431,52.63639],[13.38427,52.63638],[13.38421,52.63623],[13.38403,52.63618],[13.38383,52.63633],[13.38385,52.63639],[13.38393,52.63646],[13.38389,52.63648],[13.3835,52.63643],[13.38333,52.63664],[13.38324,52.63661],[13.38302,52.63637],[13.38296,52.63635],[13.38285,52.63636],[13.38259,52.63645],[13.3824,52.63645],[13.38234,52.63642],[13.38219,52.63647],[13.38213,52.63634],[13.38203,52.63631],[13.38181,52.6364],[13.38183,52.63634],[13.38205,52.63608],[13.38207,52.63602],[13.38193,52.63595],[13.38269,52.63575],[13.38286,52.63522],[13.38158,52.63487],[13.38057,52.63452],[13.38008,52.63438],[13.37997,52.63441],[13.3801,52.63428],[13.3794,52.63387],[13.37871,52.63435],[13.37865,52.63426],[13.37825,52.63399],[13.37768,52.63339],[13.37774,52.63318],[13.37762,52.63307],[13.37727,52.63319],[13.37714,52.63314],[13.37708,52.63308],[13.37679,52.63292],[13.37677,52.63286],[13.37679,52.63278],[13.377,52.63284],[13.37706,52.63282],[13.37719,52.63267],[13.37712,52.63255],[13.37704,52.63251],[13.37679,52.63245],[13.3766,52.63246],[13.37656,52.63241],[13.37689,52.63229],[13.37692,52.63226],[13.37687,52.63217],[13.37664,52.63213],[13.37647,52.63214],[13.37645,52.63212],[13.37654,52.63194],[13.37636,52.63178],[13.37582,52.63161],[13.37591,52.63151],[13.37605,52.63146],[13.37624,52.63146],[13.37634,52.63137],[13.37632,52.6313],[13.37624,52.63127],[13.37616,52.63114],[13.37628,52.63081],[13.37647,52.6306],[13.37648,52.63053],[13.37667,52.63028],[13.3768,52.63003],[13.37695,52.62996],[13.37702,52.62982],[13.37691,52.62971],[13.37689,52.62959],[13.37682,52.62954],[13.37699,52.62941],[13.37702,52.62934],[13.37685,52.62916],[13.37644,52.62925],[13.37637,52.62922],[13.37638,52.62917],[13.3766,52.62908],[13.37668,52.62889],[13.37613,52.62894],[13.37605,52.62904],[13.3759,52.62909],[13.37583,52.62904],[13.37627,52.62875],[13.37637,52.62862],[13.37638,52.62838],[13.3762,52.62833],[13.37573,52.62845],[13.37569,52.62852],[13.37545,52.62868],[13.37523,52.62861],[13.37505,52.62823],[13.37478,52.62797],[13.37463,52.628],[13.37457,52.62777],[13.37419,52.62792],[13.37421,52.62777],[13.37414,52.62768],[13.37397,52.62768],[13.37383,52.62776],[13.37364,52.62781],[13.37355,52.6278],[13.3734,52.62771],[13.3733,52.6276],[13.37298,52.62745],[13.37279,52.62755],[13.37269,52.62757],[13.37232,52.62727],[13.37187,52.62732],[13.3716,52.6274],[13.3716,52.62721],[13.37148,52.62716],[13.3711,52.62723],[13.37097,52.62735],[13.3708,52.62738],[13.37069,52.62731],[13.37044,52.62704],[13.37029,52.627],[13.37017,52.62707],[13.37023,52.62682],[13.36987,52.62669],[13.36983,52.62652],[13.36972,52.62645],[13.36966,52.62632],[13.36955,52.62625],[13.36957,52.62611],[13.36951,52.62601],[13.36913,52.62603],[13.36911,52.62599],[13.36916,52.62583],[13.36888,52.62568],[13.36853,52.62558],[13.36824,52.62568],[13.36797,52.62558],[13.36768,52.62572],[13.36766,52.62601],[13.3673,52.62588],[13.36728,52.62581],[13.36722,52.62575],[13.36698,52.62586],[13.36694,52.62585],[13.36692,52.62579],[13.36697,52.62547],[13.36691,52.62544],[13.36693,52.62535],[13.36711,52.6254],[13.36719,52.62531],[13.3673,52.62502],[13.36791,52.62407],[13.36952,52.62226],[13.37105,52.62037],[13.37155,52.6197],[13.37245,52.61838],[13.37314,52.61729],[13.37429,52.61567],[13.37523,52.61423],[13.37572,52.61324],[13.37628,52.61113],[13.37632,52.6107],[13.37635,52.60932],[13.37621,52.60774],[13.37578,52.60707],[13.37579,52.60702]]]}},{"type":"Feature","id":"0330","properties":{"region_id":"0330","region_name":"Nördliches Weißensee"},"geometry":{"type":"MultiPolygon","coordinates":[[[[13.43196,52.58249],[13.43362,52.58232],[13.43354,52.58223],[13.43357,52.58213],[13.43388,52.58203],[13.43364,52.58182],[13.43366,52.5818],[13.4329,52.58113],[13.43341,52.58089],[13.43307,52.58059],[13.43321,52.58052],[13.43302,52.58035],[13.43302,52.58021],[13.43346,52.58002],[13.43355,52.57947],[13.4339,52.57926],[13.43385,52.57881],[13.43296,52.57825],[13.43256,52.57787],[13.43223,52.57786],[13.43224,52.57774],[13.43061,52.57676],[13.43064,52.57674],[13.42985,52.57622],[13.42983,52.57555],[13.42959,52.57434],[13.42961,52.57426],[13.42926,52.57281],[13.42932,52.57281],[13.429,52.57153],[13.42903,52.57152],[13.42893,52.57129],[13.42881,52.57113],[13.42874,52.57111],[13.42854,52.57032],[13.42863,52.5703],[13.42845,52.5696],[13.42834,52.56955],[13.42789,52.5677],[13.42797,52.56769],[13.42789,52.56734],[13.42781,52.56737],[13.42721,52.56495],[13.42789,52.56189],[13.42808,52.56184],[13.428,52.56183],[13.42864,52.55944],[13.42855,52.55943],[13.42911,52.55733],[13.4292,52.55733],[13.42937,52.55671],[13.42961,52.55673],[13.43296,52.55793],[13.43427,52.55831],[13.43561,52.5588],[13.43696,52.55959],[13.4395,52.56067],[13.4425,52.56204],[13.44393,52.56261],[13.44493,52.56292],[13.4459,52.56327],[13.44797,52.56408],[13.44753,52.56448],[13.44734,52.56468],[13.44742,52.56491],[13.44899,52.56469],[13.44913,52.56463],[13.45056,52.56535],[13.45355,52.56656],[13.4549,52.56718],[13.45578,52.56736],[13.45762,52.56741],[13.45861,52.56731],[13.46079,52.56706],[13.46391,52.56664],[13.4709,52.56582],[13.47575,52.56527],[13.47783,52.5651],[13.48367,52.56443],[13.48396,52.5653],[13.48403,52.56536],[13.48408,52.5655],[13.48411,52.56597],[13.48415,52.56603],[13.48359,52.56612],[13.48759,52.56922],[13.4826,52.57164],[13.4827,52.57182],[13.4828,52.57216],[13.48283,52.57238],[13.4828,52.57263],[13.48236,52.57252],[13.48203,52.57249],[13.48133,52.5726],[13.48028,52.57261],[13.47946,52.57269],[13.47958,52.57334],[13.47986,52.57332],[13.47989,52.57351],[13.47962,52.57353],[13.47967,52.57378],[13.47963,52.57378],[13.47979,52.57451],[13.48008,52.57502],[13.48008,52.57514],[13.47975,52.57515],[13.47982,52.57543],[13.47991,52.57542],[13.47999,52.57769],[13.48015,52.57774],[13.48052,52.5777],[13.48051,52.57778],[13.48042,52.5778],[13.4804,52.57785],[13.48027,52.57784],[13.48025,52.57792],[13.4802,52.57791],[13.48004,52.5786],[13.48008,52.57861],[13.47994,52.5792],[13.47974,52.5796],[13.47969,52.58009],[13.47976,52.58035],[13.47977,52.58056],[13.47972,52.58078],[13.47972,52.58107],[13.47982,52.58159],[13.48001,52.58225],[13.48028,52.58293],[13.48048,52.58353],[13.48161,52.58332],[13.48197,52.584],[13.48357,52.58408],[13.48433,52.58564],[13.48465,52.58562],[13.48531,52.58703],[13.48531,52.58713],[13.486,52.58801],[13.4864,52.58839],[13.48695,52.58884],[13.4884,52.58978],[13.48896,52.59005],[13.50518,52.59646],[13.49897,52.60516],[13.49666,52.60503],[13.49712,52.6067],[13.4975,52.60787],[13.49851,52.61074],[13.49866,52.61103],[13.4991,52.61182],[13.50026,52.61368],[13.5012,52.61555],[13.5019,52.61676],[13.50331,52.61899],[13.50351,52.61917],[13.5037,52.61926],[13.50472,52.61964],[13.50394,52.61986],[13.50338,52.61996],[13.50123,52.62052],[13.49847,52.62118],[13.49372,52.62221],[13.49245,52.62255],[13.49218,52.62266],[13.49172,52.62279],[13.49149,52.62281],[13.48875,52.62358],[13.48657,52.6244],[13.4834,52.62578],[13.48341,52.62583],[13.48275,52.62562],[13.48216,52.62553],[13.4812,52.62552],[13.48088,52.62555],[13.48046,52.62553],[13.47964,52.62557],[13.47914,52.62552],[13.47818,52.6253],[13.47813,52.62531],[13.47358,52.62405],[13.47301,52.62385],[13.47043,52.62281],[13.46997,52.62252],[13.46549,52.61905],[13.465,52.61874],[13.46442,52.61842],[13.4583,52.61553],[13.45623,52.61428],[13.45372,52.61272],[13.45369,52.61273],[13.45284,52.61225],[13.45229,52.61186],[13.45184,52.61143],[13.45163,52.61119],[13.45135,52.61073],[13.4505,52.60888],[13.4505,52.60881],[13.45045,52.60876],[13.45037,52.60859],[13.45011,52.60827],[13.44973,52.60808],[13.44974,52.60727],[13.44966,52.60658],[13.4497,52.60651],[13.44909,52.6047],[13.44802,52.60227],[13.44722,52.60063],[13.44584,52.5976],[13.4449,52.59582],[13.44406,52.59472],[13.44362,52.59421],[13.44285,52.59343],[13.44103,52.5917],[13.44081,52.59155],[13.44064,52.59152],[13.44057,52.59145],[13.44062,52.59138],[13.4406,52.59131],[13.43733,52.58828],[13.43638,52.58745],[13.43619,52.58743],[13.43616,52.5874],[13.4362,52.58736],[13.4362,52.5873],[13.43552,52.58676],[13.43392,52.58534],[13.43153,52.58308],[13.43146,52.58286],[13.43135,52.58284],[13.43125,52.58272],[13.43154,52.58248],[13.43169,52.5825],[13.43196,52.58249]]],[[[13.50484,52.61961],[13.50377,52.61921],[13.50344,52.61899],[13.50365,52.6191],[13.50506,52.61956],[13.50484,52.61961]]]]}},{"type":"Feature","id":"0340","properties":{"region_id":"0340","region_name":"Südliches Pankow"},"geometry":{"type":"Polygon","coordinates":[[[13.43388,52.58203],[13.43357,52.58213],[13.43354,52.58223],[13.43362,52.58232],[13.43196,52.58249],[13.43169,52.5825],[13.43154,52.58248],[13.43125,52.58272],[13.43135,52.58284],[13.43146,52.58286],[13.43153,52.58308],[13.43392,52.58534],[13.43552,52.58676],[13.4362,52.5873],[13.4362,52.58736],[13.43616,52.5874],[13.43578,52.58754],[13.43574,52.58763],[13.43582,52.58764],[13.4359,52.58778],[13.43529,52.58928],[13.43516,52.58953],[13.43478,52.59005],[13.43475,52.59003],[13.43468,52.59013],[13.43539,52.59062],[13.4357,52.59115],[13.43536,52.59121],[13.43509,52.59129],[13.43463,52.5915],[13.43194,52.59299],[13.43056,52.58902],[13.43015,52.58907],[13.42513,52.58645],[13.41602,52.58368],[13.41155,52.58235],[13.41076,52.58224],[13.40702,52.58184],[13.40726,52.58109],[13.40785,52.57997],[13.40626,52.57965],[13.40621,52.57971],[13.40612,52.57974],[13.40579,52.57972],[13.40561,52.57962],[13.40559,52.57957],[13.40561,52.57952],[13.40317,52.57901],[13.40277,52.57884],[13.40323,52.5779],[13.40138,52.57753],[13.40145,52.57742],[13.40113,52.57735],[13.4017,52.57641],[13.40045,52.57611],[13.40101,52.57514],[13.40045,52.57502],[13.40012,52.57487],[13.39997,52.57474],[13.39989,52.57462],[13.39987,52.57448],[13.39989,52.57434],[13.39952,52.5743],[13.39948,52.57408],[13.39921,52.57421],[13.39911,52.57422],[13.39903,52.57436],[13.39897,52.57438],[13.39886,52.57441],[13.39873,52.57439],[13.39857,52.57459],[13.39781,52.57474],[13.39719,52.57492],[13.39696,52.57495],[13.39656,52.57518],[13.39533,52.57515],[13.39435,52.57536],[13.39402,52.57552],[13.39362,52.57565],[13.3932,52.57568],[13.39293,52.57564],[13.39241,52.57586],[13.39148,52.57632],[13.39113,52.57656],[13.3909,52.57668],[13.39051,52.57682],[13.38923,52.57708],[13.38839,52.57737],[13.38774,52.57755],[13.3876,52.57765],[13.38736,52.578],[13.38691,52.57845],[13.38687,52.57861],[13.38671,52.57886],[13.3867,52.57912],[13.38672,52.57913],[13.38672,52.57919],[13.38683,52.57948],[13.38699,52.57966],[13.38768,52.57972],[13.38544,52.58318],[13.38508,52.58368],[13.38494,52.58363],[13.38448,52.58393],[13.38434,52.58403],[13.38418,52.58428],[13.38409,52.58459],[13.38385,52.58704],[13.38346,52.58745],[13.38365,52.58776],[13.38389,52.58801],[13.38777,52.59061],[13.38823,52.5912],[13.38834,52.59144],[13.38858,52.59181],[13.38901,52.59278],[13.38952,52.59414],[13.39039,52.59588],[13.38711,52.59687],[13.38709,52.59684],[13.38678,52.59693],[13.3868,52.59696],[13.38649,52.59705],[13.38458,52.59785],[13.38595,52.59838],[13.38611,52.59853],[13.38588,52.59873],[13.38328,52.59991],[13.38316,52.60004],[13.38312,52.60013],[13.38307,52.60051],[13.38315,52.60077],[13.38418,52.60232],[13.38417,52.60304],[13.38413,52.60308],[13.38269,52.60366],[13.38259,52.60375],[13.38269,52.60394],[13.38295,52.60423],[13.38349,52.60442],[13.38379,52.60482],[13.3791,52.60623],[13.37888,52.60625],[13.3777,52.60656],[13.37701,52.60667],[13.37611,52.60674],[13.37598,52.60693],[13.376,52.60695],[13.37579,52.60702],[13.3733,52.60337],[13.37166,52.60103],[13.37102,52.60005],[13.37057,52.59948],[13.37015,52.59908],[13.3681,52.59738],[13.36797,52.59737],[13.36436,52.59434],[13.36429,52.59431],[13.3643,52.59428],[13.36065,52.59127],[13.36007,52.59118],[13.35913,52.59109],[13.35569,52.59089],[13.35415,52.59091],[13.35176,52.59079],[13.3502,52.5906],[13.34864,52.59032],[13.34756,52.59008],[13.34913,52.5892],[13.34992,52.58924],[13.34979,52.58891],[13.35223,52.58759],[13.3521,52.58753],[13.35332,52.5869],[13.35782,52.58439],[13.35881,52.58417],[13.35925,52.58386],[13.35922,52.58377],[13.36345,52.58143],[13.36387,52.58125],[13.36401,52.58147],[13.36528,52.58061],[13.36572,52.58035],[13.36817,52.579],[13.36813,52.57895],[13.37118,52.57729],[13.37227,52.57681],[13.37232,52.57686],[13.37427,52.57605],[13.37514,52.57563],[13.37646,52.5748],[13.37652,52.57481],[13.37645,52.57474],[13.37816,52.57361],[13.37825,52.57369],[13.37848,52.57372],[13.37859,52.57341],[13.37892,52.57345],[13.37904,52.57307],[13.37927,52.57309],[13.37936,52.57282],[13.37952,52.57272],[13.37961,52.57274],[13.37968,52.57252],[13.38224,52.57202],[13.38254,52.57208],[13.38308,52.57233],[13.38826,52.56948],[13.38777,52.56915],[13.38928,52.56824],[13.38905,52.56813],[13.38838,52.56768],[13.38852,52.56761],[13.38866,52.56766],[13.38906,52.56738],[13.38905,52.56733],[13.38879,52.56715],[13.38895,52.56707],[13.38892,52.567],[13.39063,52.56602],[13.39074,52.56582],[13.39071,52.5658],[13.39103,52.56562],[13.39107,52.56565],[13.39134,52.56562],[13.39319,52.56456],[13.39339,52.5644],[13.39333,52.56437],[13.39373,52.56409],[13.39452,52.56335],[13.39591,52.56182],[13.39622,52.56129],[13.3964,52.56086],[13.39696,52.55881],[13.39701,52.55844],[13.3971,52.55827],[13.39712,52.55831],[13.39767,52.55854],[13.39792,52.55859],[13.40255,52.55802],[13.40298,52.55799],[13.40816,52.55773],[13.40816,52.55769],[13.41284,52.55746],[13.41366,52.55745],[13.41437,52.55741],[13.41449,52.55744],[13.41462,52.55724],[13.41503,52.55463],[13.41503,52.55445],[13.41493,52.55395],[13.42728,52.55259],[13.42998,52.55154],[13.43011,52.55185],[13.42936,52.55464],[13.42912,52.55569],[13.42891,52.55639],[13.42937,52.55671],[13.4292,52.55733],[13.42911,52.55733],[13.42855,52.55943],[13.42864,52.55944],[13.428,52.56183],[13.42808,52.56184],[13.42789,52.56189],[13.42721,52.56495],[13.42781,52.56737],[13.42789,52.56734],[13.42797,52.56769],[13.42789,52.5677],[13.42834,52.56955],[13.42845,52.5696],[13.42863,52.5703],[13.42854,52.57032],[13.42874,52.57111],[13.42881,52.57113],[13.42893,52.57129],[13.42903,52.57152],[13.429,52.57153],[13.42932,52.57281],[13.42926,52.57281],[13.42961,52.57426],[13.42959,52.57434],[13.42983,52.57555],[13.42985,52.57622],[13.43064,52.57674],[13.43061,52.57676],[13.43224,52.57774],[13.43223,52.57786],[13.43256,52.57787],[13.43296,52.57825],[13.43385,52.57881],[13.4339,52.57926],[13.43355,52.57947],[13.43346,52.58002],[13.43302,52.58021],[13.43302,52.58035],[13.43321,52.58052],[13.43307,52.58059],[13.43341,52.58089],[13.4329,52.58113],[13.43366,52.5818],[13.43364,52.58182],[13.43388,52.58203]]]}},{"type":"Feature","id":"0350","properties":{"region_id":"0350","region_name":"Südliches Weißensee"},"geometry":{"type":"Polygon","coordinates":[[[13.44913,52.56463],[13.44899,52.56469],[13.44742,52.56491],[13.44734,52.56468],[13.44753,52.56448],[13.44797,52.56408],[13.4459,52.56327],[13.44493,52.56292],[13.44393,52.56261],[13.4425,52.56204],[13.4395,52.56067],[13.43696,52.55959],[13.43561,52.5588],[13.43427,52.55831],[13.43296,52.55793],[13.42961,52.55673],[13.42937,52.55671],[13.42891,52.55639],[13.42912,52.55569],[13.42936,52.55464],[13.43011,52.55185],[13.43007,52.55176],[13.43073,52.55156],[13.43213,52.55121],[13.43399,52.55094],[13.4407,52.54917],[13.44274,52.54866],[13.44701,52.54717],[13.44724,52.54734],[13.44781,52.54706],[13.44803,52.54681],[13.45125,52.54549],[13.45312,52.54477],[13.4536,52.54453],[13.45448,52.54483],[13.45476,52.54454],[13.45507,52.54464],[13.45562,52.54404],[13.45506,52.54367],[13.46007,52.54157],[13.46312,52.54025],[13.46731,52.5385],[13.46984,52.54046],[13.46702,52.54807],[13.46736,52.54832],[13.46842,52.54823],[13.46846,52.54818],[13.46853,52.54823],[13.46954,52.54778],[13.46993,52.54774],[13.47965,52.54755],[13.48046,52.54812],[13.48011,52.5485],[13.47988,52.54885],[13.47977,52.5491],[13.47934,52.5493],[13.47975,52.54962],[13.48008,52.54947],[13.48025,52.5496],[13.48037,52.54955],[13.48037,52.54945],[13.48169,52.54949],[13.48197,52.54955],[13.48222,52.54965],[13.48568,52.5522],[13.4858,52.55218],[13.48612,52.5524],[13.49035,52.55169],[13.49443,52.55078],[13.49544,52.553],[13.49564,52.55361],[13.49568,52.55413],[13.49561,52.55471],[13.49542,52.55528],[13.49511,52.55582],[13.49468,52.55634],[13.49167,52.55945],[13.4913,52.55979],[13.49085,52.56008],[13.49027,52.56037],[13.48978,52.56054],[13.48759,52.5612],[13.48698,52.56136],[13.4854,52.56155],[13.48519,52.5618],[13.48532,52.56227],[13.4856,52.56242],[13.48607,52.56415],[13.47783,52.5651],[13.47575,52.56527],[13.4709,52.56582],[13.46391,52.56664],[13.46079,52.56706],[13.45762,52.56741],[13.45578,52.56736],[13.4549,52.56718],[13.45355,52.56656],[13.45056,52.56535],[13.44913,52.56463]]]}},{"type":"Feature","id":"0360","properties":{"region_id":"0360","region_name":"Nördlicher Prenzlauer Berg"},"geometry":{"type":"Polygon","coordinates":[[[13.39792,52.55859],[13.39767,52.55854],[13.39712,52.55831],[13.3971,52.55827],[13.39717,52.55789],[13.39714,52.55789],[13.39718,52.55634],[13.39742,52.55522],[13.39798,52.55323],[13.39807,52.55281],[13.39806,52.5526],[13.39798,52.5522],[13.39763,52.55142],[13.39736,52.55112],[13.39685,52.5507],[13.3989,52.55089],[13.39923,52.54907],[13.4003,52.54665],[13.39921,52.54653],[13.39982,52.54506],[13.40025,52.54338],[13.40091,52.54196],[13.40203,52.54012],[13.40338,52.54051],[13.40353,52.54021],[13.40502,52.54059],[13.40835,52.54122],[13.4118,52.54092],[13.41256,52.54089],[13.41409,52.54064],[13.41477,52.54042],[13.42375,52.53903],[13.42677,52.54419],[13.42958,52.54325],[13.43004,52.54306],[13.43054,52.54291],[13.43145,52.54252],[13.4331,52.54192],[13.43389,52.54143],[13.4348,52.54107],[13.43724,52.5402],[13.43668,52.53972],[13.4367,52.5397],[13.43248,52.53608],[13.4331,52.53585],[13.44104,52.53204],[13.44134,52.53179],[13.44206,52.53113],[13.44228,52.53103],[13.44648,52.52714],[13.44656,52.52698],[13.44717,52.52641],[13.45077,52.52748],[13.45218,52.5278],[13.45242,52.52753],[13.4558,52.52255],[13.45616,52.52246],[13.45529,52.52127],[13.4627,52.51993],[13.47211,52.52069],[13.47146,52.52131],[13.4713,52.52152],[13.47099,52.52182],[13.4703,52.52238],[13.46949,52.52287],[13.46859,52.5233],[13.46709,52.52382],[13.46602,52.52406],[13.46276,52.5245],[13.46026,52.52529],[13.45967,52.52551],[13.45912,52.52577],[13.45818,52.5264],[13.4562,52.52826],[13.45633,52.52839],[13.46067,52.52936],[13.46101,52.52968],[13.46325,52.5324],[13.46339,52.53263],[13.46444,52.53299],[13.46444,52.53307],[13.46454,52.53315],[13.46452,52.5332],[13.46626,52.53378],[13.46696,52.53405],[13.46702,52.53403],[13.46719,52.53408],[13.46731,52.53403],[13.46738,52.53406],[13.46735,52.53409],[13.46874,52.53471],[13.46841,52.53526],[13.46779,52.53614],[13.46751,52.53627],[13.46687,52.53644],[13.46638,52.53666],[13.46765,52.53845],[13.46753,52.53846],[13.46752,52.5384],[13.45506,52.54367],[13.45562,52.54404],[13.45507,52.54464],[13.45476,52.54454],[13.45448,52.54483],[13.4536,52.54453],[13.45312,52.54477],[13.45125,52.54549],[13.44803,52.54681],[13.44781,52.54706],[13.44724,52.54734],[13.44701,52.54717],[13.44274,52.54866],[13.4407,52.54917],[13.43399,52.55094],[13.43213,52.55121],[13.43073,52.55156],[13.43007,52.55176],[13.42998,52.55154],[13.42728,52.55259],[13.41493,52.55395],[13.41503,52.55445],[13.41503,52.55463],[13.41462,52.55724],[13.41449,52.55744],[13.41437,52.55741],[13.41366,52.55745],[13.41284,52.55746],[13.40816,52.55769],[13.40816,52.55773],[13.40298,52.55799],[13.40255,52.55802],[13.39792,52.55859]]]}},{"type":"Feature","id":"0370","properties":{"region_id":"0370","region_name":"Südlicher Prenzlauer Berg"},"geometry":{"type":"Polygon","coordinates":[[[13.41975,52.52555],[13.42364,52.52792],[13.424,52.52788],[13.42466,52.52791],[13.42485,52.52788],[13.42503,52.5281],[13.43748,52.52955],[13.43831,52.5288],[13.43875,52.52878],[13.44228,52.53103],[13.44206,52.53113],[13.44134,52.53179],[13.44104,52.53204],[13.4331,52.53585],[13.43248,52.53608],[13.4367,52.5397],[13.43668,52.53972],[13.43724,52.5402],[13.4348,52.54107],[13.43389,52.54143],[13.4331,52.54192],[13.43145,52.54252],[13.43054,52.54291],[13.43004,52.54306],[13.42958,52.54325],[13.42677,52.54419],[13.42375,52.53903],[13.41477,52.54042],[13.41409,52.54064],[13.41256,52.54089],[13.4118,52.54092],[13.40835,52.54122],[13.40502,52.54059],[13.40419,52.5404],[13.4047,52.54019],[13.40536,52.53884],[13.4053,52.53883],[13.40536,52.53871],[13.40542,52.53872],[13.40552,52.53851],[13.40546,52.5385],[13.40581,52.53778],[13.40589,52.5378],[13.40675,52.5361],[13.40692,52.53571],[13.40749,52.53469],[13.40835,52.53435],[13.40643,52.53235],[13.40599,52.53078],[13.40609,52.53061],[13.40593,52.53038],[13.40559,52.52967],[13.40819,52.52923],[13.41009,52.52881],[13.41131,52.52862],[13.41543,52.52746],[13.41615,52.52708],[13.41671,52.52689],[13.41825,52.52618],[13.41975,52.52555]]]}},{"type":"Feature","id":"0410","properties":{"region_id":"0410","region_name":"Charlottenburg Nord"},"geometry":{"type":"Polygon","coordinates":[[[13.32714,52.53973],[13.32733,52.54143],[13.32684,52.54161],[13.32623,52.54187],[13.32627,52.54191],[13.32584,52.54216],[13.32346,52.54403],[13.32287,52.54453],[13.32219,52.545],[13.32029,52.54644],[13.31933,52.5473],[13.31865,52.54772],[13.31794,52.54824],[13.31295,52.54837],[13.30441,52.54874],[13.30101,52.54882],[13.28341,52.5491],[13.27209,52.54931],[13.27196,52.54939],[13.27059,52.54943],[13.27061,52.54934],[13.27034,52.54934],[13.2703,52.54865],[13.26997,52.54866],[13.26997,52.54855],[13.27012,52.54845],[13.27066,52.54789],[13.27337,52.54294],[13.27314,52.54291],[13.27347,52.54231],[13.27348,52.54207],[13.27247,52.53942],[13.27247,52.53928],[13.27231,52.53887],[13.27325,52.53866],[13.27393,52.53843],[13.27453,52.53815],[13.27523,52.53769],[13.27559,52.53727],[13.27547,52.53724],[13.27576,52.53687],[13.27581,52.53684],[13.27581,52.53679],[13.27603,52.53645],[13.27621,52.53603],[13.27626,52.53586],[13.27621,52.53585],[13.27624,52.53572],[13.27633,52.5357],[13.27628,52.53564],[13.28028,52.53446],[13.28131,52.53422],[13.28218,52.53405],[13.28202,52.5337],[13.2821,52.53367],[13.28213,52.53362],[13.28204,52.53326],[13.28142,52.53159],[13.28138,52.53126],[13.28124,52.53057],[13.28084,52.53007],[13.28335,52.52928],[13.28395,52.52913],[13.28481,52.52907],[13.28488,52.52903],[13.28503,52.52904],[13.285,52.52908],[13.28606,52.52922],[13.28748,52.52952],[13.28757,52.52959],[13.28898,52.52996],[13.28905,52.53],[13.28928,52.53002],[13.28955,52.5301],[13.28955,52.53012],[13.28979,52.53015],[13.28977,52.53017],[13.29,52.53024],[13.2906,52.53033],[13.29076,52.53031],[13.2911,52.53034],[13.29116,52.53038],[13.29194,52.53044],[13.29279,52.53048],[13.29279,52.53044],[13.29303,52.53045],[13.29342,52.53038],[13.29345,52.5304],[13.29372,52.53032],[13.294,52.5302],[13.29397,52.53017],[13.29425,52.53002],[13.29439,52.52984],[13.29444,52.52971],[13.29569,52.52988],[13.29546,52.53044],[13.29522,52.5308],[13.29483,52.53114],[13.29416,52.5315],[13.29395,52.5317],[13.29391,52.5318],[13.29392,52.53193],[13.294,52.53207],[13.29418,52.53222],[13.29451,52.53232],[13.29424,52.53272],[13.2967,52.53331],[13.29821,52.53364],[13.29923,52.53384],[13.3012,52.5341],[13.30179,52.53423],[13.30378,52.53451],[13.30524,52.53467],[13.30572,52.53482],[13.31076,52.53556],[13.3114,52.53565],[13.31141,52.53561],[13.32585,52.53767],[13.32593,52.53762],[13.32683,52.53775],[13.32687,52.53777],[13.32687,52.5378],[13.32846,52.53804],[13.32913,52.53823],[13.32719,52.53965],[13.32714,52.53973]]]}},{"type":"Feature","id":"0420","properties":{"region_id":"0420","region_name":"Charlottenburg West"},"geometry":{"type":"Polygon","coordinates":[[[13.24395,52.52507],[13.24224,52.52557],[13.24199,52.52559],[13.24056,52.52596],[13.24013,52.52599],[13.23997,52.52609],[13.23983,52.52588],[13.23911,52.52605],[13.23858,52.52611],[13.23681,52.5261],[13.2368,52.52614],[13.23645,52.52613],[13.23485,52.52604],[13.23386,52.52603],[13.23128,52.52577],[13.23093,52.52588],[13.22818,52.52602],[13.22804,52.52571],[13.2273,52.52561],[13.22595,52.52579],[13.22481,52.52583],[13.22384,52.52591],[13.22202,52.52617],[13.22167,52.52567],[13.22182,52.52564],[13.2208,52.52393],[13.22039,52.52331],[13.21989,52.52262],[13.21978,52.5224],[13.2197,52.52241],[13.21963,52.52229],[13.21971,52.52227],[13.21956,52.52197],[13.21939,52.52142],[13.21935,52.52086],[13.21939,52.51963],[13.21933,52.51963],[13.21934,52.51958],[13.21939,52.51958],[13.21949,52.51816],[13.21984,52.51579],[13.2201,52.5146],[13.22031,52.51429],[13.22095,52.51362],[13.21975,52.51358],[13.21968,52.51401],[13.21946,52.51399],[13.21883,52.51337],[13.21847,52.5134],[13.21833,52.51324],[13.21807,52.51304],[13.21744,52.5124],[13.21714,52.51216],[13.21676,52.51194],[13.21647,52.5117],[13.2162,52.51134],[13.21587,52.51068],[13.21562,52.5104],[13.21498,52.50951],[13.21569,52.50937],[13.21558,52.50916],[13.21455,52.50937],[13.21446,52.50927],[13.21424,52.50915],[13.21408,52.5091],[13.21323,52.5091],[13.2128,52.50921],[13.21279,52.50919],[13.21232,52.50924],[13.21186,52.50935],[13.21101,52.50852],[13.2105,52.5072],[13.20933,52.50587],[13.20876,52.50505],[13.20935,52.5043],[13.20973,52.50291],[13.20513,52.50135],[13.19908,52.49988],[13.19521,52.49974],[13.1917,52.49868],[13.18984,52.49755],[13.18945,52.49498],[13.18953,52.49293],[13.18755,52.49121],[13.1866,52.48929],[13.18715,52.48713],[13.18981,52.48433],[13.19017,52.48262],[13.18725,52.47865],[13.18829,52.47408],[13.18817,52.47184],[13.19391,52.47109],[13.19456,52.47098],[13.19523,52.47125],[13.19637,52.47135],[13.19662,52.47134],[13.197,52.47117],[13.19758,52.47064],[13.19772,52.47035],[13.19766,52.47011],[13.19762,52.46973],[13.19773,52.46936],[13.19793,52.46913],[13.19809,52.46901],[13.19898,52.46877],[13.19915,52.46875],[13.19971,52.46882],[13.20064,52.46904],[13.2009,52.46923],[13.20156,52.46987],[13.20169,52.46996],[13.20221,52.47016],[13.20274,52.47025],[13.20355,52.47047],[13.20457,52.47053],[13.2051,52.47052],[13.20577,52.47043],[13.20646,52.47031],[13.20771,52.47002],[13.2091,52.46982],[13.21017,52.46971],[13.21148,52.46944],[13.21235,52.46956],[13.21323,52.46953],[13.21423,52.46982],[13.21616,52.4701],[13.21654,52.47012],[13.21942,52.47004],[13.22015,52.47006],[13.22159,52.46998],[13.22357,52.47002],[13.22378,52.46999],[13.22552,52.47013],[13.22678,52.47036],[13.22868,52.47049],[13.23021,52.47075],[13.23147,52.47076],[13.23388,52.47012],[13.2351,52.46966],[13.23668,52.46944],[13.23833,52.46917],[13.23859,52.46941],[13.23881,52.46931],[13.23911,52.46956],[13.2388,52.4697],[13.24135,52.47172],[13.24213,52.47217],[13.24228,52.47237],[13.24241,52.47248],[13.24261,52.47272],[13.24419,52.47396],[13.24454,52.47426],[13.24517,52.47471],[13.24523,52.47468],[13.24704,52.47582],[13.24927,52.47698],[13.25033,52.47763],[13.25301,52.47969],[13.25346,52.4801],[13.25379,52.48046],[13.25518,52.48238],[13.25577,52.48325],[13.25645,52.48399],[13.25647,52.48422],[13.25655,52.48445],[13.25722,52.48533],[13.25753,52.48562],[13.25641,52.48616],[13.26056,52.48944],[13.26095,52.48925],[13.2611,52.48924],[13.26102,52.48918],[13.26114,52.48912],[13.26125,52.48921],[13.2613,52.4891],[13.26146,52.48899],[13.26165,52.48892],[13.26263,52.48942],[13.26339,52.48992],[13.26357,52.48982],[13.26395,52.49004],[13.26452,52.4905],[13.2648,52.49078],[13.26583,52.49198],[13.26754,52.49386],[13.26886,52.49496],[13.27051,52.49626],[13.27114,52.49658],[13.27103,52.49663],[13.27161,52.49705],[13.27188,52.4972],[13.27256,52.49746],[13.27236,52.49771],[13.27243,52.49774],[13.27246,52.4977],[13.2812,52.50034],[13.28158,52.50104],[13.28165,52.50138],[13.28171,52.50142],[13.28207,52.50145],[13.28207,52.50157],[13.28195,52.50156],[13.28188,52.50159],[13.28175,52.50193],[13.28151,52.50231],[13.28151,52.50238],[13.28157,52.50243],[13.2815,52.50249],[13.28147,52.50248],[13.28132,52.50265],[13.28136,52.50268],[13.28131,52.503],[13.28164,52.50363],[13.28139,52.50367],[13.28152,52.50406],[13.28171,52.50507],[13.28184,52.50557],[13.28209,52.50621],[13.28216,52.50621],[13.28237,52.50674],[13.28265,52.50724],[13.28325,52.50805],[13.28449,52.50959],[13.28477,52.50996],[13.28506,52.51044],[13.28536,52.51103],[13.2855,52.51142],[13.28559,52.51198],[13.28561,52.51264],[13.28557,52.51316],[13.28547,52.51374],[13.28532,52.51432],[13.28508,52.51503],[13.28468,52.51601],[13.28447,52.51635],[13.2842,52.51669],[13.28441,52.51677],[13.28412,52.51723],[13.2838,52.51796],[13.28365,52.51843],[13.28334,52.51892],[13.28255,52.52067],[13.28258,52.52067],[13.28231,52.5212],[13.28187,52.52236],[13.28158,52.52411],[13.28154,52.52422],[13.28143,52.52432],[13.28139,52.52446],[13.28148,52.525],[13.28162,52.52553],[13.28202,52.5266],[13.28215,52.52636],[13.28218,52.52636],[13.28233,52.52604],[13.28273,52.52683],[13.28358,52.52773],[13.28391,52.528],[13.28441,52.52832],[13.2851,52.52866],[13.28304,52.52853],[13.28352,52.52923],[13.28049,52.53016],[13.27993,52.53026],[13.27937,52.53029],[13.27933,52.53033],[13.27925,52.53029],[13.27822,52.5302],[13.27761,52.53005],[13.27713,52.52986],[13.27621,52.52937],[13.27574,52.52916],[13.27502,52.52893],[13.27469,52.52887],[13.27395,52.52879],[13.2702,52.52895],[13.26868,52.52894],[13.26765,52.5289],[13.26766,52.52883],[13.26648,52.52885],[13.26538,52.52878],[13.26457,52.52867],[13.26458,52.52863],[13.26393,52.52851],[13.26265,52.52813],[13.26145,52.5277],[13.26093,52.52754],[13.25979,52.52732],[13.25866,52.52724],[13.25571,52.52709],[13.25387,52.52705],[13.25121,52.52709],[13.24981,52.52718],[13.24927,52.52728],[13.24831,52.52755],[13.24758,52.52783],[13.24668,52.52831],[13.24634,52.52769],[13.24661,52.52765],[13.24684,52.52756],[13.24701,52.52744],[13.24711,52.52728],[13.24724,52.52587],[13.24734,52.52553],[13.24761,52.52495],[13.24763,52.52464],[13.2477,52.52457],[13.24751,52.52429],[13.24626,52.52456],[13.24614,52.52452],[13.24395,52.52507]]]}},{"type":"Feature","id":"0430","properties":{"region_id":"0430","region_name":"Charlottenburg Zentrum"},"geometry":{"type":"Polygon","coordinates":[[[13.33422,52.51677],[13.33334,52.51667],[13.33228,52.5167],[13.33174,52.51684],[13.33089,52.51713],[13.33031,52.51745],[13.32979,52.51781],[13.32947,52.51815],[13.32928,52.51844],[13.32916,52.5187],[13.3291,52.51899],[13.32913,52.51939],[13.32949,52.52046],[13.32955,52.52092],[13.32949,52.52133],[13.32936,52.52165],[13.3292,52.52193],[13.32889,52.5223],[13.3289,52.52233],[13.32866,52.52255],[13.32862,52.52255],[13.32823,52.52285],[13.32692,52.52372],[13.32642,52.52397],[13.3258,52.52422],[13.32506,52.52446],[13.32411,52.52465],[13.32325,52.52469],[13.32199,52.5246],[13.32137,52.52452],[13.32082,52.52439],[13.32026,52.52419],[13.32001,52.52407],[13.31955,52.52378],[13.31917,52.52342],[13.31894,52.52307],[13.31869,52.52207],[13.31874,52.52187],[13.31878,52.52111],[13.3178,52.52037],[13.31665,52.52096],[13.31335,52.53026],[13.31385,52.53033],[13.31447,52.53048],[13.31675,52.5309],[13.31661,52.53116],[13.31674,52.53119],[13.31698,52.5313],[13.31731,52.53154],[13.31705,52.53205],[13.31751,52.53238],[13.31719,52.53233],[13.31703,52.53235],[13.3134,52.53188],[13.31337,52.53193],[13.31303,52.53187],[13.31292,52.5322],[13.31279,52.53231],[13.31255,52.53265],[13.3114,52.53565],[13.30572,52.53482],[13.30524,52.53467],[13.30378,52.53451],[13.30179,52.53423],[13.30058,52.53401],[13.29923,52.53384],[13.29702,52.53339],[13.29424,52.53272],[13.29451,52.53232],[13.29418,52.53222],[13.294,52.53207],[13.29392,52.53193],[13.29391,52.5318],[13.29395,52.5317],[13.29416,52.5315],[13.29483,52.53114],[13.29522,52.5308],[13.29546,52.53044],[13.29569,52.52988],[13.29444,52.52971],[13.29439,52.52984],[13.29425,52.53002],[13.29397,52.53017],[13.294,52.5302],[13.29372,52.53032],[13.29345,52.5304],[13.29342,52.53038],[13.29303,52.53045],[13.29279,52.53044],[13.29279,52.53048],[13.29202,52.53045],[13.29116,52.53038],[13.2911,52.53034],[13.29076,52.53031],[13.2906,52.53033],[13.29,52.53024],[13.28977,52.53017],[13.28979,52.53015],[13.28955,52.53012],[13.28955,52.5301],[13.28928,52.53002],[13.28905,52.53],[13.28898,52.52996],[13.28757,52.52959],[13.28748,52.52952],[13.28606,52.52922],[13.285,52.52908],[13.28503,52.52904],[13.28488,52.52903],[13.28481,52.52907],[13.28395,52.52913],[13.28352,52.52923],[13.28304,52.52853],[13.28511,52.52865],[13.28441,52.52832],[13.28391,52.528],[13.28358,52.52773],[13.28273,52.52683],[13.28233,52.52604],[13.28218,52.52636],[13.28215,52.52636],[13.28202,52.5266],[13.28196,52.52646],[13.28156,52.52535],[13.28139,52.52446],[13.28143,52.52432],[13.28154,52.52422],[13.28158,52.52411],[13.28187,52.52237],[13.28236,52.52109],[13.28258,52.52067],[13.28255,52.52067],[13.28334,52.51892],[13.28365,52.51843],[13.2838,52.51796],[13.28412,52.51723],[13.28441,52.51677],[13.2842,52.51669],[13.28466,52.51606],[13.285,52.51527],[13.2853,52.51439],[13.28549,52.51365],[13.28559,52.513],[13.28561,52.51234],[13.28556,52.51178],[13.28547,52.51133],[13.28534,52.51098],[13.28506,52.51044],[13.28477,52.50996],[13.28449,52.50959],[13.28325,52.50805],[13.28265,52.50724],[13.28237,52.50674],[13.28216,52.50621],[13.28209,52.50621],[13.28194,52.50585],[13.28174,52.50522],[13.28153,52.50412],[13.28139,52.50367],[13.28164,52.50363],[13.28131,52.503],[13.28136,52.50268],[13.28132,52.50265],[13.28147,52.50248],[13.2815,52.50249],[13.28157,52.50243],[13.28151,52.50238],[13.28151,52.50231],[13.28175,52.50193],[13.28188,52.50159],[13.28195,52.50156],[13.28207,52.50157],[13.28207,52.50145],[13.28171,52.50142],[13.28165,52.50138],[13.28158,52.50104],[13.2812,52.50034],[13.28273,52.5008],[13.28315,52.50031],[13.28399,52.50057],[13.28425,52.50026],[13.28462,52.50037],[13.28436,52.50069],[13.28529,52.50098],[13.28487,52.50147],[13.28747,52.50237],[13.28789,52.50235],[13.28823,52.50237],[13.2898,52.50253],[13.2953,52.50332],[13.29536,52.5033],[13.29585,52.50248],[13.29621,52.50256],[13.29624,52.50252],[13.29733,52.50276],[13.29731,52.50279],[13.29824,52.50306],[13.30036,52.50354],[13.30034,52.50364],[13.30068,52.50371],[13.30076,52.50361],[13.30324,52.50417],[13.30319,52.50425],[13.30401,52.50444],[13.30407,52.50436],[13.30679,52.50501],[13.30696,52.50507],[13.30694,52.50513],[13.30732,52.50517],[13.30734,52.5051],[13.30802,52.50526],[13.31057,52.50526],[13.31294,52.50519],[13.31354,52.5052],[13.31355,52.50531],[13.31394,52.50529],[13.31392,52.50518],[13.31459,52.50514],[13.31459,52.50518],[13.31712,52.50504],[13.31714,52.50512],[13.31763,52.5051],[13.31762,52.50501],[13.31802,52.50498],[13.31976,52.50489],[13.31978,52.50497],[13.32011,52.50495],[13.3201,52.50489],[13.3207,52.50485],[13.32069,52.5048],[13.32111,52.50478],[13.32125,52.50489],[13.32659,52.5046],[13.32835,52.50468],[13.32929,52.50491],[13.32966,52.50504],[13.32966,52.50507],[13.33011,52.50526],[13.33006,52.50526],[13.33055,52.50551],[13.33013,52.50553],[13.33046,52.50576],[13.33078,52.50608],[13.3333,52.50904],[13.33004,52.51008],[13.33276,52.51097],[13.33341,52.51128],[13.33376,52.5115],[13.33403,52.51172],[13.33374,52.51172],[13.33119,52.51231],[13.33078,52.5125],[13.33066,52.51262],[13.33056,52.51283],[13.33139,52.51289],[13.33144,52.51282],[13.33155,52.51279],[13.33166,52.51284],[13.33166,52.51293],[13.33188,52.51303],[13.33585,52.51329],[13.33601,52.51379],[13.33611,52.51397],[13.33592,52.51396],[13.33614,52.51438],[13.33538,52.51486],[13.33533,52.51504],[13.33479,52.5155],[13.33422,52.51677]]]}},{"type":"Feature","id":"0440","properties":{"region_id":"0440","region_name":"Wilmersdorf Süd"},"geometry":{"type":"Polygon","coordinates":[[[13.32014,52.47074],[13.32043,52.47747],[13.32048,52.47747],[13.32049,52.47752],[13.3201,52.47753],[13.32009,52.47734],[13.31989,52.47737],[13.31988,52.47734],[13.3168,52.47778],[13.31592,52.47798],[13.31437,52.47842],[13.31346,52.47876],[13.31251,52.47919],[13.31206,52.47942],[13.31182,52.47963],[13.31137,52.47994],[13.30997,52.48104],[13.30817,52.4823],[13.30723,52.48302],[13.30722,52.48306],[13.30696,52.48301],[13.30678,52.48322],[13.30641,52.48356],[13.3063,52.48356],[13.30529,52.48434],[13.30473,52.48472],[13.30481,52.48475],[13.3024,52.48654],[13.30236,52.48653],[13.30186,52.48696],[13.30107,52.48755],[13.30113,52.48758],[13.30083,52.48782],[13.30069,52.48775],[13.30033,52.48802],[13.30038,52.48804],[13.29707,52.49046],[13.29646,52.49085],[13.29488,52.49172],[13.29105,52.49395],[13.29031,52.49445],[13.28995,52.4943],[13.28992,52.49432],[13.28983,52.49431],[13.28897,52.49438],[13.28878,52.49427],[13.28858,52.49439],[13.28761,52.49443],[13.28655,52.49466],[13.28647,52.49456],[13.28619,52.49463],[13.28594,52.49438],[13.28588,52.49441],[13.28614,52.49468],[13.28619,52.49499],[13.28625,52.49512],[13.28542,52.49517],[13.2852,52.49516],[13.28474,52.49553],[13.28477,52.49555],[13.28441,52.4959],[13.28416,52.4965],[13.28351,52.49732],[13.28341,52.49749],[13.28309,52.49777],[13.28234,52.49847],[13.28133,52.49957],[13.28127,52.49967],[13.28118,52.49994],[13.2812,52.50034],[13.27246,52.4977],[13.27243,52.49774],[13.27236,52.49771],[13.27256,52.49746],[13.27188,52.4972],[13.27161,52.49705],[13.27103,52.49663],[13.27114,52.49658],[13.27051,52.49626],[13.26886,52.49496],[13.26754,52.49386],[13.26583,52.49198],[13.2648,52.49078],[13.26452,52.4905],[13.26395,52.49004],[13.26357,52.48982],[13.26339,52.48992],[13.26263,52.48942],[13.26165,52.48892],[13.26146,52.48899],[13.2613,52.4891],[13.26125,52.48921],[13.26114,52.48912],[13.26102,52.48918],[13.2611,52.48924],[13.26095,52.48925],[13.26056,52.48944],[13.25641,52.48616],[13.25753,52.48562],[13.25722,52.48533],[13.25655,52.48445],[13.25647,52.48422],[13.25645,52.48399],[13.25577,52.48325],[13.25518,52.48238],[13.25379,52.48046],[13.25346,52.4801],[13.25301,52.47969],[13.25033,52.47763],[13.24927,52.47698],[13.24704,52.47582],[13.24523,52.47468],[13.24517,52.47471],[13.24454,52.47426],[13.24419,52.47396],[13.24261,52.47272],[13.24241,52.47248],[13.24228,52.47237],[13.24213,52.47217],[13.24135,52.47172],[13.2388,52.4697],[13.23911,52.46956],[13.23881,52.46931],[13.23859,52.46941],[13.23835,52.46919],[13.23904,52.46904],[13.24127,52.46866],[13.24201,52.46856],[13.24304,52.46836],[13.24382,52.46825],[13.24553,52.46793],[13.24675,52.46774],[13.24735,52.46771],[13.24781,52.46754],[13.25263,52.46675],[13.25349,52.46673],[13.25479,52.46678],[13.25561,52.46675],[13.25909,52.4665],[13.25948,52.46666],[13.25978,52.46673],[13.26028,52.46693],[13.26059,52.46713],[13.26086,52.4674],[13.26163,52.46777],[13.26215,52.4674],[13.26205,52.46735],[13.2621,52.46731],[13.2622,52.46732],[13.26232,52.46722],[13.26231,52.46717],[13.2626,52.46711],[13.26274,52.46705],[13.26311,52.46698],[13.26355,52.46695],[13.26428,52.467],[13.26612,52.46724],[13.26639,52.46735],[13.26661,52.46731],[13.26881,52.46754],[13.27833,52.46864],[13.27833,52.46857],[13.27869,52.46861],[13.27868,52.46851],[13.28109,52.46885],[13.28313,52.46924],[13.28908,52.47053],[13.28988,52.46989],[13.29015,52.47013],[13.29018,52.47033],[13.29781,52.46888],[13.30637,52.46749],[13.30633,52.46741],[13.30748,52.46788],[13.30833,52.46753],[13.30837,52.46755],[13.30857,52.46742],[13.3091,52.46771],[13.31013,52.46712],[13.31065,52.4669],[13.31066,52.46696],[13.3109,52.46705],[13.31139,52.46712],[13.31998,52.46698],[13.3201,52.46963],[13.32019,52.46986],[13.32026,52.4699],[13.32023,52.46993],[13.32026,52.46995],[13.32025,52.46997],[13.32052,52.47013],[13.32053,52.47027],[13.32026,52.47044],[13.32025,52.47048],[13.32028,52.4705],[13.32022,52.47054],[13.32021,52.47059],[13.32022,52.47074],[13.32014,52.47074]]]}},{"type":"Feature","id":"0450","properties":{"region_id":"0450","region_name":"Wilmersdorf Zentrum"},"geometry":{"type":"Polygon","coordinates":[[[13.28542,52.49517],[13.28625,52.49512],[13.28619,52.49499],[13.28615,52.49469],[13.28588,52.49441],[13.28594,52.49438],[13.28619,52.49463],[13.28647,52.49456],[13.28655,52.49466],[13.28761,52.49443],[13.28858,52.49439],[13.28878,52.49427],[13.28897,52.49438],[13.28983,52.49431],[13.28992,52.49432],[13.28995,52.4943],[13.29031,52.49445],[13.29099,52.49398],[13.29361,52.49245],[13.29653,52.49081],[13.29707,52.49046],[13.30038,52.48804],[13.30033,52.48802],[13.30069,52.48775],[13.30083,52.48782],[13.30113,52.48758],[13.30107,52.48755],[13.30186,52.48696],[13.30236,52.48653],[13.3024,52.48654],[13.30481,52.48475],[13.30473,52.48472],[13.30529,52.48434],[13.3063,52.48356],[13.30641,52.48356],[13.30678,52.48322],[13.30696,52.48301],[13.30722,52.48306],[13.30723,52.48302],[13.30817,52.4823],[13.30997,52.48104],[13.31137,52.47994],[13.31182,52.47963],[13.31206,52.47942],[13.31346,52.47876],[13.31437,52.47842],[13.31592,52.47798],[13.3168,52.47778],[13.31988,52.47734],[13.31989,52.47737],[13.32009,52.47734],[13.3201,52.47753],[13.32049,52.47752],[13.32048,52.47747],[13.32432,52.47748],[13.32709,52.47747],[13.32832,52.47743],[13.33287,52.47741],[13.33287,52.47772],[13.33294,52.47772],[13.33294,52.4778],[13.33299,52.4778],[13.33299,52.47785],[13.33707,52.47813],[13.33706,52.47988],[13.33716,52.48012],[13.33716,52.48036],[13.33705,52.48071],[13.33705,52.48209],[13.3372,52.48253],[13.33712,52.48253],[13.33709,52.48568],[13.33717,52.48567],[13.33712,52.48592],[13.33705,52.48592],[13.33713,52.4879],[13.33715,52.48804],[13.33721,52.48806],[13.33713,52.48843],[13.33705,52.48849],[13.33698,52.48878],[13.3369,52.48941],[13.33697,52.48942],[13.33697,52.48966],[13.3369,52.48969],[13.33697,52.49037],[13.33702,52.49041],[13.33733,52.49048],[13.33753,52.49072],[13.33709,52.49101],[13.3372,52.4923],[13.3371,52.49229],[13.33735,52.49408],[13.33745,52.49407],[13.33746,52.49419],[13.33744,52.49479],[13.33734,52.49479],[13.33728,52.49586],[13.33738,52.49585],[13.33738,52.49598],[13.33731,52.49599],[13.33782,52.49739],[13.33788,52.49738],[13.33809,52.49787],[13.33899,52.49942],[13.33882,52.49974],[13.33892,52.49991],[13.33698,52.50069],[13.33714,52.50091],[13.34142,52.50487],[13.34054,52.50508],[13.34013,52.50514],[13.33959,52.50515],[13.33907,52.50507],[13.33864,52.50592],[13.33686,52.50572],[13.33574,52.5058],[13.33533,52.50591],[13.334,52.50652],[13.33407,52.50658],[13.33375,52.50672],[13.33482,52.50811],[13.33487,52.50826],[13.33487,52.50846],[13.33482,52.50859],[13.33471,52.50871],[13.33441,52.50891],[13.33397,52.50898],[13.3339,52.50884],[13.3333,52.50904],[13.33078,52.50608],[13.33046,52.50576],[13.33013,52.50553],[13.33055,52.50551],[13.33006,52.50526],[13.33011,52.50526],[13.32966,52.50507],[13.32966,52.50504],[13.32907,52.50485],[13.32835,52.50468],[13.32659,52.5046],[13.32125,52.50489],[13.32111,52.50478],[13.32069,52.5048],[13.3207,52.50485],[13.3201,52.50489],[13.32011,52.50495],[13.31978,52.50497],[13.31976,52.50489],[13.31762,52.50501],[13.31763,52.5051],[13.31714,52.50512],[13.31712,52.50504],[13.31459,52.50518],[13.31459,52.50514],[13.31392,52.50518],[13.31394,52.50529],[13.31355,52.50531],[13.31354,52.5052],[13.31294,52.50519],[13.31057,52.50526],[13.30802,52.50526],[13.30734,52.5051],[13.30732,52.50517],[13.30694,52.50513],[13.30696,52.50507],[13.30679,52.50501],[13.30407,52.50436],[13.30401,52.50444],[13.30319,52.50425],[13.30324,52.50417],[13.30076,52.50361],[13.30068,52.50371],[13.30034,52.50364],[13.30036,52.50354],[13.29824,52.50306],[13.29731,52.50279],[13.29733,52.50276],[13.29624,52.50252],[13.29621,52.50256],[13.29585,52.50248],[13.29536,52.5033],[13.2953,52.50332],[13.2898,52.50253],[13.28823,52.50237],[13.28789,52.50235],[13.28747,52.50237],[13.28487,52.50147],[13.28529,52.50098],[13.28436,52.50069],[13.28462,52.50037],[13.28425,52.50026],[13.28399,52.50057],[13.28315,52.50031],[13.28273,52.5008],[13.2812,52.50034],[13.28118,52.49994],[13.28127,52.49967],[13.28133,52.49957],[13.28234,52.49847],[13.28309,52.49777],[13.28341,52.49749],[13.28351,52.49732],[13.28416,52.4965],[13.28433,52.49607],[13.28441,52.4959],[13.28453,52.4958],[13.28451,52.49578],[13.28477,52.49555],[13.28474,52.49553],[13.2852,52.49516],[13.28542,52.49517]]]}},{"type":"Feature","id":"0510","properties":{"region_id":"0510","region_name":"Spandau Mitte / Nord"},"geometry":{"type":"Polygon","coordinates":[[[13.15104,52.54386],[13.15264,52.54345],[13.15274,52.54345],[13.15297,52.5434],[13.15303,52.54349],[13.15564,52.54279],[13.15574,52.54281],[13.15728,52.54243],[13.15754,52.54227],[13.16175,52.54115],[13.1655,52.5402],[13.16672,52.53983],[13.16775,52.53959],[13.17412,52.53852],[13.1755,52.53831],[13.17557,52.53831],[13.17562,52.53837],[13.17608,52.53822],[13.17631,52.53812],[13.17636,52.53807],[13.17674,52.538],[13.17675,52.53807],[13.18717,52.53635],[13.18726,52.53629],[13.1896,52.53598],[13.19239,52.53555],[13.19252,52.53562],[13.19271,52.53561],[13.19294,52.53555],[13.1942,52.5354],[13.19763,52.53487],[13.19917,52.53457],[13.20064,52.53419],[13.20178,52.53385],[13.20196,52.53381],[13.20197,52.53383],[13.20339,52.53338],[13.20284,52.53304],[13.20273,52.53305],[13.20162,52.53211],[13.20165,52.53208],[13.20151,52.53197],[13.20364,52.53096],[13.2073,52.52908],[13.20978,52.52811],[13.2112,52.52766],[13.21217,52.52743],[13.21307,52.52726],[13.21506,52.52702],[13.21565,52.52704],[13.21636,52.52712],[13.21699,52.52725],[13.21764,52.52743],[13.21938,52.52814],[13.22028,52.52844],[13.2213,52.5287],[13.22238,52.52887],[13.22256,52.52858],[13.22237,52.52855],[13.22252,52.52832],[13.22265,52.52796],[13.22271,52.52751],[13.22262,52.52706],[13.22228,52.52639],[13.22207,52.52625],[13.22202,52.52617],[13.22384,52.52591],[13.22481,52.52583],[13.22595,52.52579],[13.2273,52.52561],[13.22804,52.52571],[13.22818,52.52602],[13.23093,52.52588],[13.23128,52.52577],[13.23386,52.52603],[13.23485,52.52604],[13.23645,52.52613],[13.2368,52.52614],[13.23681,52.5261],[13.23858,52.52611],[13.23911,52.52605],[13.23983,52.52588],[13.23997,52.52609],[13.24013,52.52599],[13.24056,52.52596],[13.24199,52.52559],[13.24224,52.52557],[13.24423,52.52499],[13.24614,52.52452],[13.24626,52.52456],[13.24751,52.52429],[13.2477,52.52457],[13.24763,52.52464],[13.24761,52.52495],[13.24734,52.52553],[13.24724,52.52587],[13.2471,52.52732],[13.24699,52.52746],[13.24682,52.52758],[13.24661,52.52765],[13.24634,52.52769],[13.2469,52.52872],[13.23962,52.53218],[13.23802,52.53285],[13.23697,52.53322],[13.23516,52.53368],[13.23181,52.53433],[13.23166,52.53407],[13.22711,52.53385],[13.22319,52.53379],[13.22222,52.53383],[13.22133,52.53391],[13.21912,52.53421],[13.2182,52.53438],[13.21659,52.53473],[13.21494,52.53522],[13.21297,52.53598],[13.21195,52.53624],[13.21123,52.53634],[13.21023,52.53639],[13.20863,52.53616],[13.20822,52.53647],[13.20873,52.537],[13.20918,52.53763],[13.20935,52.53797],[13.2095,52.53862],[13.20951,52.53884],[13.20945,52.53925],[13.2093,52.53968],[13.2086,52.54124],[13.20849,52.54162],[13.20848,52.54192],[13.2086,52.54242],[13.20875,52.54266],[13.20899,52.54288],[13.20941,52.54308],[13.21053,52.54337],[13.21082,52.54353],[13.2111,52.54379],[13.21508,52.54356],[13.21683,52.54398],[13.21759,52.54421],[13.21881,52.54465],[13.21944,52.54492],[13.22014,52.54527],[13.22058,52.54552],[13.22097,52.54581],[13.22127,52.54608],[13.22153,52.54638],[13.22264,52.5481],[13.22278,52.54844],[13.22284,52.54876],[13.22194,52.55406],[13.22197,52.55456],[13.22206,52.55507],[13.22219,52.55557],[13.22237,52.55606],[13.22296,52.55725],[13.2242,52.55935],[13.22453,52.55984],[13.22476,52.56008],[13.22527,52.56051],[13.22593,52.56095],[13.22655,52.56128],[13.22761,52.56175],[13.22784,52.56189],[13.22801,52.56203],[13.22823,52.56231],[13.22833,52.56265],[13.22829,52.56295],[13.22794,52.56358],[13.22791,52.56387],[13.22796,52.56409],[13.22864,52.56531],[13.22871,52.56569],[13.22866,52.56607],[13.22854,52.56636],[13.2283,52.56668],[13.22813,52.56685],[13.22739,52.56741],[13.2272,52.5676],[13.22704,52.56781],[13.22697,52.56807],[13.22691,52.56875],[13.22673,52.56933],[13.22642,52.5698],[13.2253,52.57122],[13.2252,52.57151],[13.22518,52.57179],[13.22527,52.57261],[13.22522,52.57288],[13.22508,52.57315],[13.22464,52.57363],[13.22392,52.5742],[13.22204,52.57494],[13.22024,52.57605],[13.21886,52.57716],[13.21796,52.57854],[13.21801,52.5797],[13.21831,52.58096],[13.21808,52.58146],[13.2177,52.58194],[13.21721,52.5824],[13.21616,52.58296],[13.21578,52.58324],[13.21543,52.58353],[13.21521,52.58387],[13.21517,52.58433],[13.21536,52.58476],[13.21643,52.58571],[13.2174,52.58748],[13.21124,52.58823],[13.20734,52.58837],[13.20671,52.5866],[13.20538,52.58685],[13.2047,52.58714],[13.20258,52.58787],[13.20151,52.58835],[13.20035,52.58877],[13.19848,52.58901],[13.19786,52.58924],[13.19663,52.58952],[13.19376,52.58983],[13.19174,52.59019],[13.19146,52.59032],[13.19086,52.59047],[13.19068,52.59059],[13.18912,52.5914],[13.18671,52.59211],[13.18563,52.59255],[13.18523,52.59289],[13.18447,52.59338],[13.18342,52.59369],[13.18266,52.59382],[13.18191,52.59389],[13.18122,52.59403],[13.17956,52.59454],[13.17834,52.59488],[13.17781,52.59492],[13.17685,52.59492],[13.17634,52.59499],[13.17473,52.59511],[13.17367,52.59533],[13.17333,52.59548],[13.17252,52.59604],[13.17197,52.59629],[13.17066,52.59661],[13.17008,52.59679],[13.1679,52.59701],[13.16453,52.5988],[13.15706,52.59763],[13.15389,52.59571],[13.15224,52.59416],[13.15171,52.59373],[13.14929,52.59187],[13.1491,52.59177],[13.14528,52.59039],[13.14351,52.5897],[13.14172,52.58933],[13.13934,52.58905],[13.13845,52.58887],[13.1379,52.5887],[13.13595,52.58754],[13.13572,52.58742],[13.13548,52.58737],[13.13267,52.58692],[13.13108,52.58693],[13.12896,52.5873],[13.12843,52.58602],[13.12935,52.58593],[13.12796,52.58313],[13.12834,52.58314],[13.12954,52.58327],[13.12989,52.58323],[13.13026,52.58304],[13.13051,52.58277],[13.13108,52.58166],[13.13133,52.58092],[13.13168,52.58023],[13.13207,52.57978],[13.13248,52.57961],[13.13261,52.5796],[13.13541,52.58006],[13.13547,52.58001],[13.13603,52.58011],[13.1366,52.58024],[13.13752,52.58053],[13.13916,52.58039],[13.13963,52.58059],[13.14005,52.5808],[13.14204,52.58134],[13.14301,52.58153],[13.14384,52.58157],[13.14463,52.58203],[13.14961,52.58336],[13.14989,52.58288],[13.15059,52.58259],[13.15124,52.58221],[13.15135,52.58204],[13.15131,52.58165],[13.1516,52.58114],[13.15193,52.58057],[13.15233,52.58016],[13.1529,52.57926],[13.15316,52.57895],[13.15321,52.57829],[13.15351,52.57791],[13.1536,52.57746],[13.15345,52.57678],[13.15358,52.57632],[13.15367,52.57577],[13.1535,52.57538],[13.15369,52.57478],[13.15346,52.57454],[13.15355,52.57326],[13.15278,52.57248],[13.15289,52.57202],[13.15287,52.5716],[13.15268,52.57097],[13.15239,52.57046],[13.15218,52.57032],[13.15127,52.56999],[13.15119,52.56915],[13.15037,52.56797],[13.15006,52.56707],[13.14987,52.56676],[13.14867,52.56563],[13.14814,52.56519],[13.14802,52.56501],[13.1477,52.5647],[13.14752,52.56441],[13.14745,52.56397],[13.14747,52.56341],[13.14745,52.56308],[13.14737,52.56265],[13.14738,52.56247],[13.14714,52.56145],[13.14688,52.56129],[13.14602,52.56086],[13.1458,52.56061],[13.14607,52.5604],[13.14627,52.55933],[13.14656,52.55916],[13.14686,52.55862],[13.14696,52.55769],[13.14693,52.55705],[13.14729,52.55584],[13.14723,52.55494],[13.14691,52.55428],[13.14658,52.5541],[13.14634,52.55379],[13.14603,52.55338],[13.14585,52.55293],[13.14558,52.55272],[13.14524,52.55252],[13.14483,52.55248],[13.14459,52.55255],[13.14422,52.55212],[13.14321,52.55208],[13.14256,52.55225],[13.14137,52.55246],[13.13992,52.55249],[13.13778,52.55257],[13.13633,52.55271],[13.13445,52.55335],[13.13382,52.55376],[13.13352,52.55399],[13.13248,52.55493],[13.13102,52.5558],[13.1305,52.55601],[13.12991,52.55488],[13.12925,52.55337],[13.12898,52.55265],[13.12769,52.54977],[13.12788,52.54972],[13.12797,52.54985],[13.12814,52.54989],[13.12948,52.54954],[13.12954,52.54955],[13.13076,52.54924],[13.13092,52.54916],[13.1368,52.54763],[13.14369,52.54588],[13.14391,52.5458],[13.15083,52.54397],[13.15104,52.54386]]]}},{"type":"Feature","id":"0520","properties":{"region_id":"0520","region_name":"Wilhelmstadt / Staaken"},"geometry":{"type":"Polygon","coordinates":[[[13.15724,52.50162],[13.1682,52.50097],[13.16968,52.50092],[13.17657,52.50047],[13.1781,52.5003],[13.18214,52.50017],[13.18549,52.49997],[13.1917,52.49868],[13.19521,52.49974],[13.19908,52.49988],[13.20513,52.50135],[13.20973,52.50291],[13.20935,52.5043],[13.20876,52.50505],[13.20933,52.50587],[13.2105,52.5072],[13.21101,52.50852],[13.21186,52.50935],[13.21232,52.50924],[13.21279,52.50919],[13.2128,52.50921],[13.21323,52.5091],[13.21408,52.5091],[13.21424,52.50915],[13.21446,52.50927],[13.21455,52.50937],[13.21558,52.50916],[13.21569,52.50937],[13.21498,52.50951],[13.21562,52.5104],[13.21587,52.51068],[13.2162,52.51134],[13.21647,52.5117],[13.21676,52.51194],[13.21714,52.51216],[13.21744,52.5124],[13.21807,52.51304],[13.21833,52.51324],[13.21847,52.5134],[13.21883,52.51337],[13.21946,52.51399],[13.21968,52.51401],[13.21975,52.51358],[13.22095,52.51362],[13.22031,52.51429],[13.2201,52.5146],[13.21984,52.51579],[13.21949,52.51816],[13.21939,52.51958],[13.21934,52.51958],[13.21933,52.51963],[13.21939,52.51963],[13.21935,52.52086],[13.21939,52.52142],[13.21956,52.52197],[13.21971,52.52227],[13.21963,52.52229],[13.2197,52.52241],[13.21978,52.5224],[13.21989,52.52262],[13.22039,52.52331],[13.2208,52.52393],[13.22182,52.52564],[13.22167,52.52567],[13.22207,52.52625],[13.22228,52.52639],[13.22262,52.52706],[13.22271,52.52751],[13.22265,52.52796],[13.22252,52.52832],[13.22237,52.52855],[13.22256,52.52858],[13.22238,52.52887],[13.22104,52.52864],[13.22028,52.52844],[13.21964,52.52824],[13.21795,52.52755],[13.2174,52.52736],[13.21658,52.52716],[13.21565,52.52704],[13.21506,52.52702],[13.21395,52.52714],[13.21307,52.52726],[13.21192,52.52748],[13.21104,52.52771],[13.20978,52.52811],[13.2073,52.52908],[13.20364,52.53096],[13.20151,52.53197],[13.20165,52.53208],[13.20162,52.53211],[13.20273,52.53305],[13.20284,52.53304],[13.20339,52.53338],[13.20197,52.53383],[13.20196,52.53381],[13.20178,52.53385],[13.19981,52.53441],[13.19765,52.53486],[13.1942,52.5354],[13.19294,52.53555],[13.19271,52.53561],[13.19252,52.53562],[13.19239,52.53555],[13.1896,52.53598],[13.18726,52.53629],[13.18717,52.53635],[13.17675,52.53807],[13.17674,52.538],[13.17636,52.53807],[13.17631,52.53812],[13.17608,52.53822],[13.17562,52.53837],[13.17557,52.53831],[13.1755,52.53831],[13.17412,52.53852],[13.16775,52.53959],[13.16672,52.53983],[13.1655,52.5402],[13.16175,52.54115],[13.15754,52.54227],[13.15728,52.54243],[13.15574,52.54281],[13.15564,52.54279],[13.15303,52.54349],[13.15297,52.5434],[13.15274,52.54345],[13.15264,52.54345],[13.15104,52.54386],[13.15083,52.54397],[13.14391,52.5458],[13.14369,52.54588],[13.1368,52.54763],[13.13092,52.54916],[13.13076,52.54924],[13.12954,52.54955],[13.12948,52.54954],[13.12814,52.54989],[13.12797,52.54985],[13.12788,52.54972],[13.12769,52.54977],[13.1265,52.54721],[13.12613,52.54652],[13.12565,52.5455],[13.12528,52.54444],[13.12496,52.54379],[13.12561,52.54354],[13.12544,52.54313],[13.12516,52.54214],[13.12431,52.53955],[13.12418,52.53905],[13.12407,52.53905],[13.12401,52.53895],[13.12391,52.53858],[13.12357,52.5378],[13.12334,52.53708],[13.1231,52.53663],[13.12248,52.53589],[13.12226,52.5356],[13.12216,52.53539],[13.12201,52.53522],[13.12189,52.53517],[13.12179,52.53505],[13.12171,52.53487],[13.1217,52.53475],[13.12157,52.53451],[13.12157,52.53435],[13.12124,52.53357],[13.1212,52.53328],[13.12035,52.53223],[13.12018,52.53193],[13.11997,52.53154],[13.11979,52.53112],[13.11951,52.53035],[13.1192,52.52913],[13.11901,52.52719],[13.11871,52.52497],[13.11851,52.52321],[13.11833,52.52075],[13.11811,52.5201],[13.11738,52.51706],[13.11927,52.517],[13.12278,52.51739],[13.12515,52.51752],[13.127,52.51755],[13.13009,52.51799],[13.13136,52.51812],[13.13261,52.51819],[13.13318,52.51828],[13.13359,52.5184],[13.13403,52.51846],[13.13584,52.5187],[13.13743,52.51885],[13.13853,52.5191],[13.14147,52.51961],[13.14267,52.51977],[13.14318,52.5197],[13.14357,52.51946],[13.14435,52.51919],[13.14455,52.51899],[13.14482,52.51863],[13.14504,52.51806],[13.14563,52.51747],[13.14651,52.51739],[13.1475,52.5172],[13.14921,52.51656],[13.15114,52.51578],[13.15182,52.51555],[13.15439,52.51433],[13.15632,52.51361],[13.15738,52.51317],[13.15772,52.51307],[13.15859,52.51294],[13.16026,52.51235],[13.16228,52.5115],[13.16334,52.5111],[13.1662,52.51015],[13.16882,52.50923],[13.16798,52.50886],[13.16685,52.50799],[13.1653,52.50693],[13.16119,52.5042],[13.15859,52.50259],[13.15724,52.50162]]]}},{"type":"Feature","id":"0530","properties":{"region_id":"0530","region_name":"Haselhorst / Siemensstadt"},"geometry":{"type":"Polygon","coordinates":[[[13.26868,52.52894],[13.2702,52.52895],[13.27395,52.52879],[13.27502,52.52893],[13.27553,52.52909],[13.27621,52.52937],[13.27736,52.52996],[13.27794,52.53014],[13.27822,52.5302],[13.27925,52.53029],[13.27933,52.53033],[13.27937,52.53029],[13.28022,52.53022],[13.28084,52.53007],[13.28124,52.53057],[13.28138,52.53126],[13.28142,52.53159],[13.28204,52.53326],[13.28213,52.53362],[13.2821,52.53367],[13.28202,52.5337],[13.28218,52.53405],[13.28131,52.53422],[13.28028,52.53446],[13.27628,52.53564],[13.27633,52.5357],[13.27624,52.53572],[13.27621,52.53585],[13.27626,52.53586],[13.27621,52.53603],[13.27603,52.53645],[13.27581,52.53679],[13.27581,52.53684],[13.27576,52.53687],[13.27547,52.53724],[13.27559,52.53727],[13.27523,52.53769],[13.27453,52.53815],[13.27393,52.53843],[13.27325,52.53866],[13.27231,52.53887],[13.27247,52.53928],[13.27247,52.53942],[13.27348,52.54207],[13.27347,52.54231],[13.27314,52.54291],[13.27337,52.54294],[13.27066,52.54789],[13.27012,52.54845],[13.26997,52.54855],[13.26997,52.54866],[13.2703,52.54865],[13.27034,52.54934],[13.26277,52.54946],[13.25838,52.54958],[13.25695,52.54968],[13.25562,52.54986],[13.25424,52.55013],[13.25299,52.55045],[13.25178,52.55087],[13.25059,52.55133],[13.24945,52.55188],[13.24112,52.55603],[13.24113,52.55593],[13.23895,52.55702],[13.23895,52.55724],[13.23891,52.55728],[13.23834,52.55752],[13.23814,52.55748],[13.23316,52.55998],[13.23201,52.56064],[13.23119,52.56124],[13.23092,52.56148],[13.23073,52.5614],[13.22829,52.56312],[13.22804,52.56338],[13.22829,52.56295],[13.22833,52.56281],[13.2283,52.56248],[13.22815,52.56219],[13.22801,52.56203],[13.22761,52.56175],[13.22655,52.56128],[13.22557,52.56073],[13.22498,52.56027],[13.22453,52.55984],[13.2242,52.55935],[13.22296,52.55725],[13.2226,52.55656],[13.22233,52.55596],[13.22216,52.55547],[13.22204,52.55497],[13.22194,52.55406],[13.22284,52.5488],[13.22284,52.54872],[13.22276,52.5484],[13.22261,52.54806],[13.22166,52.54656],[13.22133,52.54614],[13.22102,52.54585],[13.22065,52.54557],[13.22022,52.54531],[13.21964,52.54501],[13.2187,52.54461],[13.21712,52.54406],[13.21608,52.54378],[13.21508,52.54356],[13.2111,52.54379],[13.21082,52.54353],[13.21053,52.54337],[13.20959,52.54314],[13.20913,52.54296],[13.20875,52.54266],[13.20867,52.54255],[13.20854,52.54225],[13.20848,52.54179],[13.20854,52.54143],[13.2093,52.53968],[13.20945,52.53925],[13.20951,52.53884],[13.20945,52.53831],[13.20935,52.53797],[13.20926,52.53779],[13.20873,52.537],[13.20822,52.53647],[13.20863,52.53616],[13.21023,52.53639],[13.21123,52.53634],[13.21195,52.53624],[13.21297,52.53598],[13.21494,52.53522],[13.21659,52.53473],[13.2182,52.53438],[13.21912,52.53421],[13.22133,52.53391],[13.22222,52.53383],[13.22319,52.53379],[13.22711,52.53385],[13.23166,52.53407],[13.23181,52.53433],[13.23533,52.53364],[13.23649,52.53336],[13.2376,52.53301],[13.23942,52.53227],[13.2469,52.52872],[13.24668,52.52831],[13.24758,52.52783],[13.24857,52.52746],[13.24927,52.52728],[13.24981,52.52718],[13.25121,52.52709],[13.25387,52.52705],[13.25685,52.52714],[13.25979,52.52732],[13.26093,52.52754],[13.26328,52.52833],[13.26393,52.52851],[13.26458,52.52863],[13.26457,52.52867],[13.26587,52.52882],[13.26672,52.52886],[13.26766,52.52883],[13.26765,52.5289],[13.26868,52.52894]]]}},{"type":"Feature","id":"0540","properties":{"region_id":"0540","region_name":"Gatow / Kladow"},"geometry":{"type":"Polygon","coordinates":[[[13.11902,52.44297],[13.11977,52.44171],[13.11993,52.44152],[13.12312,52.43962],[13.12412,52.44068],[13.12688,52.44115],[13.12805,52.44096],[13.12948,52.44131],[13.13081,52.44141],[13.13172,52.4411],[13.13327,52.44209],[13.13609,52.44238],[13.14852,52.44337],[13.15452,52.4466],[13.15796,52.44938],[13.16173,52.45213],[13.16606,52.454],[13.17085,52.45612],[13.17741,52.45592],[13.18122,52.45962],[13.18531,52.46258],[13.18636,52.46564],[13.18817,52.47184],[13.18829,52.47408],[13.18725,52.47865],[13.19017,52.48262],[13.18981,52.48433],[13.18715,52.48713],[13.1866,52.48929],[13.18755,52.49121],[13.18953,52.49293],[13.18945,52.49498],[13.18984,52.49755],[13.1917,52.49868],[13.18549,52.49997],[13.18214,52.50017],[13.1781,52.5003],[13.17657,52.50047],[13.16968,52.50092],[13.1682,52.50097],[13.15722,52.50162],[13.15123,52.49731],[13.15006,52.49663],[13.14959,52.49631],[13.13163,52.48235],[13.12833,52.47982],[13.12687,52.47896],[13.12628,52.47866],[13.12397,52.47825],[13.12217,52.47799],[13.12068,52.47771],[13.1205,52.47775],[13.12041,52.4777],[13.11835,52.47737],[13.11769,52.47732],[13.11759,52.47577],[13.11755,52.47458],[13.11752,52.47439],[13.11736,52.474],[13.11723,52.47328],[13.11621,52.47168],[13.11379,52.4698],[13.11395,52.46862],[13.11186,52.46745],[13.11056,52.46566],[13.11143,52.46373],[13.11134,52.46186],[13.1105,52.46],[13.11241,52.45899],[13.11253,52.45867],[13.11267,52.45769],[13.11243,52.45651],[13.11218,52.45553],[13.11203,52.45441],[13.11166,52.45364],[13.11136,52.45316],[13.11108,52.45279],[13.10991,52.45155],[13.10956,52.45108],[13.1093,52.45064],[13.11536,52.44565],[13.11663,52.44517],[13.11901,52.44401],[13.11914,52.44377],[13.11903,52.44328],[13.11902,52.44297]]]}},{"type":"Feature","id":"0610","properties":{"region_id":"0610","region_name":"Steglitz"},"geometry":{"type":"Polygon","coordinates":[[[13.32937,52.46557],[13.32816,52.46433],[13.32787,52.4645],[13.32099,52.46696],[13.31139,52.46712],[13.3109,52.46705],[13.31066,52.46696],[13.31065,52.4669],[13.30994,52.46723],[13.30951,52.46683],[13.30823,52.46613],[13.30797,52.46607],[13.3074,52.46606],[13.30679,52.46586],[13.30615,52.46569],[13.30538,52.46416],[13.30498,52.4632],[13.30414,52.45884],[13.30426,52.45863],[13.30716,52.45915],[13.30682,52.45776],[13.30788,52.45699],[13.30886,52.45602],[13.30914,52.45586],[13.30854,52.45556],[13.30962,52.45455],[13.31003,52.45424],[13.31013,52.45409],[13.31033,52.45396],[13.31122,52.45359],[13.31168,52.45346],[13.31242,52.45313],[13.31282,52.45279],[13.31299,52.45283],[13.31351,52.45261],[13.31484,52.45302],[13.31481,52.45306],[13.31546,52.45326],[13.31551,52.45325],[13.31526,52.45227],[13.31521,52.45072],[13.31516,52.45052],[13.31527,52.45054],[13.31552,52.45074],[13.31552,52.45078],[13.31563,52.45073],[13.31781,52.45178],[13.31813,52.45148],[13.31798,52.45141],[13.3183,52.45111],[13.31849,52.45068],[13.31859,52.45053],[13.31936,52.44965],[13.31969,52.4495],[13.31958,52.44943],[13.31979,52.44931],[13.31997,52.44909],[13.32014,52.4485],[13.32037,52.44808],[13.32015,52.44798],[13.31995,52.44793],[13.32001,52.4478],[13.32058,52.44707],[13.32094,52.44671],[13.32247,52.44476],[13.32285,52.44475],[13.32319,52.44493],[13.32376,52.44453],[13.32575,52.44335],[13.32661,52.44379],[13.32771,52.44425],[13.32762,52.44431],[13.32828,52.44456],[13.32933,52.4449],[13.33036,52.44518],[13.33044,52.44515],[13.33042,52.44517],[13.33061,52.44522],[13.33169,52.44541],[13.33339,52.44556],[13.33399,52.44559],[13.33452,52.4456],[13.33469,52.44554],[13.33476,52.4456],[13.33529,52.4456],[13.33725,52.44551],[13.33744,52.44547],[13.33884,52.44539],[13.33969,52.44536],[13.34009,52.44539],[13.34042,52.44533],[13.34201,52.4452],[13.34378,52.44513],[13.34481,52.44505],[13.34648,52.4448],[13.34749,52.44455],[13.34948,52.44414],[13.34941,52.44409],[13.34992,52.44397],[13.34997,52.44401],[13.35378,52.4433],[13.35408,52.44326],[13.35408,52.4433],[13.35425,52.44324],[13.35483,52.44314],[13.35594,52.44298],[13.35749,52.44301],[13.35864,52.44314],[13.35863,52.4431],[13.35924,52.44322],[13.36018,52.44348],[13.36074,52.4437],[13.36117,52.44389],[13.36238,52.44457],[13.36212,52.44511],[13.36149,52.44624],[13.36111,52.44682],[13.3612,52.44685],[13.36107,52.44698],[13.36101,52.44709],[13.36095,52.44711],[13.35986,52.44916],[13.35972,52.4494],[13.35947,52.44969],[13.35896,52.45062],[13.35863,52.45101],[13.35822,52.45182],[13.35726,52.45333],[13.35729,52.45345],[13.3569,52.45403],[13.35691,52.45409],[13.3564,52.45497],[13.35612,52.45561],[13.35526,52.45565],[13.3542,52.45564],[13.35419,52.45587],[13.35385,52.45634],[13.35368,52.4567],[13.3533,52.45702],[13.35295,52.45712],[13.35248,52.45708],[13.35199,52.45689],[13.35146,52.45677],[13.35093,52.45673],[13.35089,52.45662],[13.34964,52.45677],[13.34908,52.45677],[13.34904,52.45876],[13.3484,52.45877],[13.34834,52.4588],[13.34788,52.45886],[13.34756,52.45899],[13.34782,52.45925],[13.34496,52.46172],[13.3446,52.46191],[13.34287,52.46314],[13.33891,52.46556],[13.33877,52.46657],[13.33848,52.46638],[13.33791,52.46664],[13.3373,52.46699],[13.33627,52.46742],[13.33586,52.46701],[13.33483,52.4662],[13.33467,52.46628],[13.33141,52.46586],[13.33063,52.46515],[13.3306,52.46522],[13.3297,52.46554],[13.32967,52.4655],[13.32944,52.46559],[13.32937,52.46557]]]}},{"type":"Feature","id":"0620","properties":{"region_id":"0620","region_name":"Lankwitz/Lichterfelde Ost"},"geometry":{"type":"Polygon","coordinates":[[[13.35883,52.41982],[13.35927,52.41994],[13.35918,52.42007],[13.36029,52.42057],[13.36323,52.42142],[13.36351,52.42155],[13.36416,52.42231],[13.36792,52.42761],[13.36826,52.42755],[13.36854,52.42761],[13.37115,52.4288],[13.3711,52.42889],[13.3716,52.42912],[13.37121,52.4299],[13.37067,52.43078],[13.36944,52.43265],[13.36907,52.43334],[13.36752,52.43585],[13.36725,52.43635],[13.36707,52.4368],[13.36613,52.43848],[13.36488,52.44045],[13.36348,52.44281],[13.36341,52.44281],[13.36263,52.44417],[13.36243,52.4446],[13.36117,52.44389],[13.36018,52.44348],[13.35953,52.44329],[13.35863,52.4431],[13.35864,52.44314],[13.35749,52.44301],[13.35618,52.44297],[13.35567,52.44301],[13.35483,52.44314],[13.35425,52.44324],[13.35408,52.4433],[13.35408,52.44326],[13.35378,52.4433],[13.34997,52.44401],[13.34992,52.44397],[13.34941,52.44409],[13.34948,52.44414],[13.34749,52.44455],[13.34648,52.4448],[13.34468,52.44507],[13.34201,52.4452],[13.34042,52.44533],[13.34009,52.44539],[13.33969,52.44536],[13.33884,52.44539],[13.33744,52.44547],[13.33725,52.44551],[13.33529,52.4456],[13.33476,52.4456],[13.33469,52.44554],[13.33452,52.4456],[13.33339,52.44556],[13.33169,52.44541],[13.33061,52.44522],[13.33042,52.44517],[13.33044,52.44515],[13.33036,52.44518],[13.32891,52.44478],[13.32828,52.44456],[13.32762,52.44431],[13.32771,52.44425],[13.32646,52.44372],[13.32566,52.4433],[13.3245,52.44255],[13.32393,52.4421],[13.32342,52.44162],[13.32258,52.44075],[13.31973,52.43754],[13.31938,52.43708],[13.31848,52.43625],[13.31763,52.43559],[13.31652,52.43482],[13.31636,52.43463],[13.3162,52.4345],[13.31548,52.43405],[13.31145,52.43118],[13.31108,52.43083],[13.31146,52.4307],[13.31121,52.43049],[13.31084,52.43062],[13.31025,52.43012],[13.30956,52.42929],[13.30957,52.42926],[13.30831,52.42761],[13.30692,52.42571],[13.30471,52.42278],[13.30452,52.42259],[13.30293,52.42046],[13.30277,52.42008],[13.30251,52.41974],[13.3019,52.41917],[13.3014,52.41875],[13.30077,52.4183],[13.29997,52.41781],[13.29943,52.41752],[13.29862,52.41716],[13.29661,52.41643],[13.29709,52.41578],[13.2971,52.41546],[13.29696,52.41505],[13.29672,52.41474],[13.29635,52.41459],[13.29593,52.4145],[13.29755,52.41292],[13.30112,52.40965],[13.30379,52.40728],[13.30771,52.40353],[13.3085,52.40274],[13.3096,52.40156],[13.31129,52.39996],[13.31206,52.39911],[13.31381,52.40045],[13.31414,52.40062],[13.31629,52.40147],[13.3185,52.4024],[13.32084,52.40324],[13.32693,52.40559],[13.33665,52.40917],[13.34221,52.41134],[13.34335,52.41172],[13.34294,52.41173],[13.34307,52.41224],[13.3431,52.4133],[13.34305,52.41347],[13.34274,52.41417],[13.34547,52.41525],[13.34583,52.41519],[13.34597,52.41544],[13.34832,52.41623],[13.35081,52.41697],[13.3524,52.41761],[13.35358,52.41802],[13.35522,52.41851],[13.35883,52.41982]]]}},{"type":"Feature","id":"0630","properties":{"region_id":"0630","region_name":"Zehlendorf Süd/Lichterfelde West"},"geometry":{"type":"Polygon","coordinates":[[[13.31146,52.4307],[13.31108,52.43083],[13.31149,52.43122],[13.31548,52.43405],[13.3162,52.4345],[13.31636,52.43463],[13.31652,52.43482],[13.31775,52.43568],[13.31859,52.43635],[13.31938,52.43708],[13.31973,52.43754],[13.32258,52.44075],[13.32347,52.44166],[13.32386,52.44203],[13.3245,52.44255],[13.32509,52.44295],[13.32575,52.44335],[13.32376,52.44453],[13.32319,52.44493],[13.32285,52.44475],[13.32247,52.44476],[13.32094,52.44671],[13.32058,52.44707],[13.32001,52.4478],[13.31995,52.44793],[13.32015,52.44798],[13.32037,52.44808],[13.32014,52.4485],[13.31997,52.44909],[13.31979,52.44931],[13.31958,52.44943],[13.31969,52.4495],[13.31936,52.44965],[13.31859,52.45053],[13.31849,52.45068],[13.3183,52.45111],[13.31798,52.45141],[13.31813,52.45148],[13.31781,52.45178],[13.31563,52.45073],[13.31552,52.45078],[13.31552,52.45074],[13.31527,52.45054],[13.31516,52.45052],[13.31521,52.45072],[13.31526,52.45227],[13.31551,52.45326],[13.31481,52.45306],[13.31484,52.45302],[13.31351,52.45261],[13.31299,52.45283],[13.31282,52.45279],[13.31242,52.45313],[13.31168,52.45346],[13.31122,52.45359],[13.31033,52.45396],[13.31013,52.45409],[13.31003,52.45424],[13.30962,52.45455],[13.30854,52.45556],[13.30914,52.45586],[13.30886,52.45602],[13.30788,52.45699],[13.30682,52.45776],[13.30716,52.45915],[13.30426,52.45863],[13.30421,52.45851],[13.30411,52.45842],[13.30389,52.45834],[13.30361,52.45834],[13.29599,52.45106],[13.2952,52.45012],[13.29317,52.44647],[13.29367,52.446],[13.29377,52.44598],[13.28659,52.44329],[13.2694,52.4379],[13.2691,52.43758],[13.26568,52.43595],[13.26565,52.43598],[13.26533,52.43583],[13.2648,52.43568],[13.26471,52.43562],[13.26286,52.43516],[13.26227,52.43508],[13.26168,52.43509],[13.26086,52.43525],[13.26005,52.43529],[13.25808,52.43567],[13.25646,52.43595],[13.25595,52.43591],[13.24781,52.43472],[13.24112,52.4337],[13.23072,52.43132],[13.23028,52.43126],[13.22948,52.43104],[13.22953,52.43067],[13.22961,52.43065],[13.22964,52.43062],[13.22969,52.42962],[13.22967,52.42911],[13.2295,52.42776],[13.23693,52.42537],[13.23889,52.42519],[13.23914,52.42503],[13.22526,52.42092],[13.22527,52.42084],[13.22648,52.42083],[13.22924,52.42052],[13.23314,52.42034],[13.23382,52.42052],[13.23563,52.42087],[13.23762,52.4208],[13.24104,52.42093],[13.24595,52.42118],[13.24715,52.4189],[13.24745,52.41731],[13.24752,52.41725],[13.24799,52.41579],[13.24795,52.41568],[13.24842,52.41428],[13.24899,52.41196],[13.24904,52.41176],[13.24904,52.41131],[13.24898,52.40896],[13.24897,52.40883],[13.24874,52.40841],[13.24915,52.4079],[13.24927,52.40745],[13.24942,52.40664],[13.24978,52.40498],[13.25164,52.40565],[13.25219,52.40579],[13.25331,52.40604],[13.2545,52.40621],[13.25584,52.40632],[13.25713,52.4064],[13.25806,52.4064],[13.25932,52.4063],[13.26027,52.40614],[13.26086,52.406],[13.26137,52.40586],[13.2636,52.40499],[13.2641,52.40484],[13.26593,52.40444],[13.26697,52.40428],[13.26925,52.40423],[13.27006,52.40419],[13.27092,52.40422],[13.272,52.40432],[13.27266,52.40448],[13.2742,52.40479],[13.27582,52.4052],[13.27707,52.40583],[13.28035,52.40736],[13.29017,52.41282],[13.29037,52.41298],[13.29323,52.41456],[13.29553,52.41575],[13.29675,52.41625],[13.29661,52.41643],[13.29808,52.41695],[13.29899,52.41732],[13.29988,52.41775],[13.30077,52.4183],[13.30179,52.41907],[13.30241,52.41965],[13.30262,52.41988],[13.30279,52.42011],[13.30293,52.42046],[13.30452,52.42259],[13.30471,52.42278],[13.30692,52.42571],[13.30831,52.42761],[13.30957,52.42926],[13.30956,52.42929],[13.30982,52.42964],[13.31025,52.43012],[13.31084,52.43062],[13.31121,52.43049],[13.31146,52.4307]]]}},{"type":"Feature","id":"0640","properties":{"region_id":"0640","region_name":"Zehlendorf Nord/Wannsee"},"geometry":{"type":"Polygon","coordinates":[[[13.30637,52.46749],[13.29781,52.46888],[13.29018,52.47033],[13.29015,52.47013],[13.28988,52.46989],[13.28908,52.47053],[13.28313,52.46924],[13.28109,52.46885],[13.27868,52.46851],[13.27869,52.46861],[13.27833,52.46857],[13.27833,52.46864],[13.26881,52.46754],[13.26661,52.46731],[13.26639,52.46735],[13.26612,52.46724],[13.26428,52.467],[13.26355,52.46695],[13.26311,52.46698],[13.26274,52.46705],[13.2626,52.46711],[13.26231,52.46717],[13.26232,52.46722],[13.2622,52.46732],[13.2621,52.46731],[13.26205,52.46735],[13.26215,52.4674],[13.26163,52.46777],[13.26086,52.4674],[13.26059,52.46713],[13.26028,52.46693],[13.25978,52.46673],[13.25948,52.46666],[13.25909,52.4665],[13.25561,52.46675],[13.25433,52.46678],[13.25311,52.46672],[13.25263,52.46675],[13.25184,52.46686],[13.24781,52.46754],[13.24735,52.46771],[13.24675,52.46774],[13.24382,52.46825],[13.24304,52.46836],[13.24201,52.46856],[13.24127,52.46866],[13.23904,52.46904],[13.23835,52.46919],[13.23833,52.46917],[13.23807,52.46921],[13.23668,52.46944],[13.2351,52.46966],[13.23388,52.47012],[13.23147,52.47076],[13.23021,52.47075],[13.22868,52.47049],[13.22678,52.47036],[13.22552,52.47013],[13.22378,52.46999],[13.22357,52.47002],[13.22159,52.46998],[13.22015,52.47006],[13.21942,52.47004],[13.21654,52.47012],[13.21616,52.4701],[13.21423,52.46982],[13.21323,52.46953],[13.21235,52.46956],[13.21148,52.46944],[13.21017,52.46971],[13.2091,52.46982],[13.20771,52.47002],[13.20646,52.47031],[13.2051,52.47052],[13.20373,52.4705],[13.20274,52.47025],[13.20221,52.47016],[13.20169,52.46996],[13.20156,52.46987],[13.2009,52.46923],[13.20064,52.46904],[13.19971,52.46882],[13.19915,52.46875],[13.19898,52.46877],[13.19809,52.46901],[13.19793,52.46913],[13.19773,52.46936],[13.19762,52.46973],[13.19766,52.47011],[13.19772,52.47035],[13.19758,52.47064],[13.197,52.47117],[13.19662,52.47134],[13.19637,52.47135],[13.19523,52.47125],[13.19456,52.47098],[13.19391,52.47109],[13.18817,52.47184],[13.18636,52.46564],[13.18531,52.46258],[13.18122,52.45962],[13.17741,52.45592],[13.17085,52.45612],[13.16606,52.454],[13.16173,52.45213],[13.15796,52.44938],[13.15452,52.4466],[13.14852,52.44337],[13.13609,52.44238],[13.13327,52.44209],[13.13172,52.4411],[13.13081,52.44141],[13.12948,52.44131],[13.12805,52.44096],[13.12688,52.44115],[13.12412,52.44068],[13.12312,52.43962],[13.12315,52.43871],[13.12214,52.43788],[13.11722,52.43616],[13.11393,52.43297],[13.11207,52.43231],[13.11278,52.4292],[13.10802,52.42666],[13.10692,52.42565],[13.10541,52.42528],[13.10457,52.42398],[13.10349,52.4243],[13.1016,52.42464],[13.10095,52.42516],[13.09998,52.42545],[13.09931,52.42534],[13.0984,52.42489],[13.09809,52.42407],[13.09772,52.42347],[13.09584,52.42197],[13.08835,52.41963],[13.09021,52.41355],[13.09019,52.41273],[13.09027,52.41221],[13.09077,52.41156],[13.09212,52.41124],[13.09341,52.41054],[13.09739,52.40942],[13.09798,52.40988],[13.09798,52.40994],[13.09833,52.41006],[13.09861,52.41027],[13.09864,52.41026],[13.0987,52.41033],[13.09855,52.41039],[13.09858,52.41042],[13.09855,52.41046],[13.09861,52.41051],[13.09867,52.41051],[13.09892,52.41075],[13.09898,52.41085],[13.09898,52.41096],[13.09885,52.41112],[13.09772,52.41162],[13.09759,52.41165],[13.09753,52.4117],[13.09759,52.41174],[13.09756,52.41177],[13.09761,52.41178],[13.09645,52.41309],[13.09681,52.4132],[13.09911,52.41361],[13.10031,52.41378],[13.10057,52.4138],[13.10086,52.41376],[13.10075,52.41335],[13.10073,52.41299],[13.10098,52.41219],[13.10112,52.41158],[13.10097,52.41068],[13.101,52.41054],[13.10463,52.40974],[13.10512,52.4099],[13.10591,52.40955],[13.10619,52.40956],[13.10655,52.40961],[13.10677,52.40968],[13.10702,52.40981],[13.10711,52.4099],[13.10714,52.40999],[13.10715,52.41068],[13.1072,52.41109],[13.10742,52.41209],[13.1073,52.41272],[13.10711,52.41318],[13.10726,52.41331],[13.10736,52.41328],[13.10778,52.41333],[13.10962,52.41294],[13.11014,52.41129],[13.11151,52.41141],[13.1118,52.41048],[13.11042,52.41035],[13.11067,52.40957],[13.11059,52.40957],[13.11063,52.40944],[13.10851,52.40924],[13.10693,52.40949],[13.10677,52.40924],[13.10655,52.40877],[13.10644,52.40878],[13.10638,52.40869],[13.10861,52.40848],[13.10927,52.40818],[13.10945,52.40805],[13.10833,52.40726],[13.10969,52.40654],[13.1111,52.4053],[13.1112,52.40451],[13.11182,52.40399],[13.11634,52.40232],[13.11775,52.40212],[13.11846,52.40128],[13.12023,52.39985],[13.122,52.39855],[13.12421,52.39728],[13.12478,52.39687],[13.12566,52.39666],[13.12692,52.39657],[13.12742,52.39664],[13.12846,52.39694],[13.13252,52.39866],[13.13351,52.39937],[13.13496,52.3986],[13.13664,52.39813],[13.1381,52.39786],[13.13804,52.39768],[13.13614,52.3975],[13.13513,52.39737],[13.13571,52.39618],[13.137,52.39618],[13.13744,52.39615],[13.13726,52.39603],[13.1375,52.39602],[13.13779,52.39613],[13.13859,52.3961],[13.13837,52.39598],[13.13895,52.39599],[13.13823,52.3957],[13.13449,52.39369],[13.13388,52.3933],[13.13175,52.3918],[13.13157,52.39179],[13.13149,52.39188],[13.1313,52.39173],[13.13132,52.39168],[13.13153,52.39173],[13.13017,52.3905],[13.12985,52.3907],[13.13086,52.39169],[13.13103,52.39163],[13.13122,52.39179],[13.1312,52.39184],[13.13093,52.39176],[13.12938,52.39172],[13.12937,52.39165],[13.12931,52.39165],[13.12729,52.39161],[13.12673,52.38958],[13.13075,52.38738],[13.13109,52.38725],[13.1313,52.38723],[13.13144,52.38747],[13.13199,52.38752],[13.13318,52.3873],[13.13398,52.38874],[13.13374,52.38875],[13.1333,52.38865],[13.13287,52.38874],[13.13037,52.39037],[13.13208,52.39176],[13.13408,52.39317],[13.13471,52.39356],[13.13839,52.39555],[13.14043,52.39637],[13.14182,52.3971],[13.14199,52.39696],[13.1432,52.39725],[13.14328,52.39673],[13.14313,52.39667],[13.14386,52.39614],[13.14577,52.3955],[13.15002,52.39509],[13.15329,52.39484],[13.15887,52.39394],[13.16796,52.39439],[13.16877,52.3944],[13.17176,52.39564],[13.17131,52.39758],[13.17117,52.39783],[13.16932,52.39745],[13.16874,52.39736],[13.16125,52.39663],[13.1578,52.39636],[13.15792,52.3969],[13.15778,52.39723],[13.15795,52.39756],[13.15844,52.39827],[13.15877,52.3989],[13.15922,52.39954],[13.15939,52.39991],[13.15932,52.40042],[13.15931,52.40112],[13.15923,52.40278],[13.15936,52.40281],[13.15935,52.40286],[13.16462,52.40461],[13.16733,52.40555],[13.17304,52.40743],[13.19152,52.41362],[13.19667,52.41531],[13.19666,52.41535],[13.19725,52.41554],[13.19944,52.41541],[13.20033,52.41552],[13.2012,52.41553],[13.20232,52.41561],[13.20453,52.41583],[13.20971,52.4168],[13.21101,52.41712],[13.21202,52.4174],[13.21304,52.41778],[13.21355,52.41784],[13.21423,52.41804],[13.21638,52.41883],[13.21709,52.41917],[13.21805,52.41931],[13.21928,52.41963],[13.22141,52.42012],[13.22359,52.42077],[13.22366,52.42067],[13.22506,52.42108],[13.22526,52.42092],[13.23914,52.42503],[13.23889,52.42519],[13.23693,52.42537],[13.2295,52.42776],[13.22967,52.42911],[13.22969,52.42962],[13.22964,52.43062],[13.22961,52.43065],[13.22953,52.43067],[13.22948,52.43104],[13.23028,52.43126],[13.23072,52.43132],[13.24112,52.4337],[13.24781,52.43472],[13.25595,52.43591],[13.25646,52.43595],[13.25808,52.43567],[13.26005,52.43529],[13.26086,52.43525],[13.26172,52.43509],[13.26236,52.43509],[13.26296,52.43519],[13.26471,52.43562],[13.2648,52.43568],[13.26533,52.43583],[13.26565,52.43598],[13.26568,52.43595],[13.2691,52.43758],[13.2694,52.4379],[13.28612,52.44313],[13.28935,52.4443],[13.29104,52.44497],[13.29377,52.44598],[13.29367,52.446],[13.29317,52.44647],[13.2952,52.45012],[13.29584,52.4509],[13.30361,52.45834],[13.30397,52.45836],[13.30411,52.45842],[13.30423,52.45854],[13.30426,52.45863],[13.30414,52.45884],[13.30498,52.4632],[13.30538,52.46416],[13.30615,52.46569],[13.30679,52.46586],[13.3074,52.46606],[13.30797,52.46607],[13.30823,52.46613],[13.30951,52.46683],[13.30994,52.46723],[13.3091,52.46771],[13.30857,52.46742],[13.30837,52.46755],[13.30833,52.46753],[13.30748,52.46788],[13.30633,52.46741],[13.30637,52.46749]]]}},{"type":"Feature","id":"0710","properties":{"region_id":"0710","region_name":"Schöneberg Nord"},"geometry":{"type":"Polygon","coordinates":[[[13.3415,52.50494],[13.33714,52.50091],[13.33698,52.50069],[13.33892,52.49991],[13.33882,52.49974],[13.33899,52.49942],[13.33809,52.49787],[13.33788,52.49738],[13.33782,52.49739],[13.33731,52.49599],[13.33738,52.49598],[13.33738,52.49585],[13.33728,52.49586],[13.33734,52.49479],[13.33744,52.49479],[13.33746,52.49419],[13.3376,52.49423],[13.33825,52.49422],[13.33882,52.49411],[13.34055,52.49408],[13.3416,52.4941],[13.34189,52.49419],[13.34222,52.4942],[13.34541,52.49419],[13.34616,52.49421],[13.34553,52.49341],[13.34538,52.49316],[13.34536,52.49268],[13.34542,52.49268],[13.34529,52.48927],[13.34615,52.4893],[13.34616,52.48927],[13.35427,52.49008],[13.35427,52.49011],[13.35628,52.49028],[13.36014,52.49076],[13.36026,52.49081],[13.36085,52.49064],[13.36066,52.49043],[13.36084,52.49032],[13.36056,52.49013],[13.3625,52.48894],[13.36301,52.4887],[13.36387,52.48823],[13.36416,52.48819],[13.36845,52.48819],[13.37049,52.48794],[13.37313,52.48781],[13.37311,52.48777],[13.3735,52.48775],[13.37354,52.48798],[13.37473,52.48938],[13.3754,52.48943],[13.37548,52.49046],[13.3764,52.49143],[13.37643,52.49168],[13.37107,52.49276],[13.37108,52.49291],[13.36924,52.49328],[13.36916,52.49314],[13.36822,52.49333],[13.36858,52.49396],[13.36841,52.49448],[13.36868,52.49739],[13.3696,52.49811],[13.36973,52.49878],[13.36953,52.49887],[13.36936,52.49874],[13.36879,52.49878],[13.36304,52.49956],[13.36254,52.49966],[13.35752,52.5011],[13.35139,52.50259],[13.35139,52.50255],[13.3415,52.50494]]]}},{"type":"Feature","id":"0720","properties":{"region_id":"0720","region_name":"Schöneberg Süd"},"geometry":{"type":"Polygon","coordinates":[[[13.33712,52.48592],[13.33717,52.48567],[13.33709,52.48568],[13.33712,52.48253],[13.3372,52.48253],[13.33705,52.48209],[13.33705,52.48071],[13.33716,52.48036],[13.33716,52.48012],[13.33706,52.47988],[13.33707,52.4784],[13.33895,52.47853],[13.33898,52.47846],[13.34013,52.47855],[13.34184,52.47854],[13.34291,52.4786],[13.34344,52.47856],[13.34348,52.47831],[13.34378,52.47814],[13.34521,52.47812],[13.34628,52.47815],[13.35195,52.47955],[13.35238,52.47987],[13.35271,52.48007],[13.35317,52.47988],[13.35437,52.47895],[13.35767,52.47663],[13.35848,52.47623],[13.36115,52.47497],[13.36143,52.47488],[13.36314,52.47449],[13.36329,52.47439],[13.36392,52.47417],[13.36534,52.47349],[13.36538,52.47373],[13.36558,52.47372],[13.36591,52.47382],[13.36628,52.47334],[13.36656,52.47307],[13.36686,52.47284],[13.36759,52.4724],[13.3678,52.47222],[13.36871,52.47176],[13.36912,52.47148],[13.36946,52.47134],[13.37037,52.47114],[13.371,52.47116],[13.37108,52.47203],[13.36981,52.47222],[13.36864,52.47266],[13.36836,52.47279],[13.36804,52.47299],[13.36739,52.47348],[13.36705,52.47383],[13.36658,52.47448],[13.36649,52.47477],[13.36652,52.47548],[13.36672,52.47676],[13.36724,52.47765],[13.36743,52.47804],[13.37149,52.48487],[13.37147,52.48489],[13.37153,52.48489],[13.37157,52.48496],[13.37166,52.48512],[13.37161,52.48512],[13.37164,52.48518],[13.37402,52.48517],[13.37416,52.48716],[13.37416,52.48771],[13.37311,52.48777],[13.37313,52.48781],[13.37049,52.48794],[13.36845,52.48819],[13.36416,52.48819],[13.36387,52.48823],[13.36301,52.4887],[13.3625,52.48894],[13.36056,52.49013],[13.36084,52.49032],[13.36066,52.49043],[13.36085,52.49064],[13.36026,52.49081],[13.36014,52.49076],[13.35628,52.49028],[13.35427,52.49011],[13.35427,52.49008],[13.34616,52.48927],[13.34615,52.4893],[13.34529,52.48927],[13.34542,52.49268],[13.34536,52.49268],[13.34538,52.49316],[13.34553,52.49341],[13.34616,52.49421],[13.34541,52.49419],[13.34222,52.4942],[13.34189,52.49419],[13.3416,52.4941],[13.34055,52.49408],[13.33882,52.49411],[13.33825,52.49422],[13.3376,52.49423],[13.33746,52.49419],[13.33745,52.49407],[13.33735,52.49408],[13.3371,52.49229],[13.3372,52.4923],[13.33709,52.49101],[13.33753,52.49072],[13.33733,52.49048],[13.33697,52.49038],[13.3369,52.48987],[13.3369,52.48968],[13.33697,52.48966],[13.33697,52.48942],[13.3369,52.48941],[13.33696,52.48888],[13.33705,52.48849],[13.33713,52.48843],[13.33721,52.48806],[13.33715,52.48804],[13.33713,52.4879],[13.33708,52.4867],[13.33705,52.48592],[13.33712,52.48592]]]}},{"type":"Feature","id":"0730","properties":{"region_id":"0730","region_name":"Friedenau"},"geometry":{"type":"Polygon","coordinates":[[[13.32043,52.47747],[13.32014,52.47074],[13.32022,52.47074],[13.32021,52.47059],[13.32022,52.47054],[13.32028,52.4705],[13.32025,52.47048],[13.32026,52.47044],[13.32053,52.47027],[13.32052,52.47013],[13.32025,52.46997],[13.32026,52.46995],[13.32023,52.46993],[13.32026,52.4699],[13.32019,52.46986],[13.3201,52.46963],[13.31998,52.46698],[13.32099,52.46696],[13.32787,52.4645],[13.32816,52.46433],[13.32937,52.46557],[13.32944,52.46559],[13.32967,52.4655],[13.3297,52.46554],[13.3306,52.46522],[13.33063,52.46515],[13.33141,52.46586],[13.33467,52.46628],[13.33483,52.4662],[13.33586,52.46701],[13.33627,52.46742],[13.3373,52.46699],[13.33791,52.46664],[13.33848,52.46638],[13.33877,52.46657],[13.33891,52.46556],[13.34287,52.46314],[13.3446,52.46191],[13.34496,52.46172],[13.34782,52.45925],[13.34756,52.45899],[13.34788,52.45886],[13.34834,52.4588],[13.3484,52.45877],[13.34904,52.45876],[13.34908,52.45677],[13.34964,52.45677],[13.35089,52.45662],[13.35093,52.45673],[13.35146,52.45677],[13.35199,52.45689],[13.35248,52.45708],[13.35295,52.45712],[13.3533,52.45702],[13.35368,52.4567],[13.35385,52.45634],[13.35419,52.45587],[13.3542,52.45564],[13.35526,52.45565],[13.35598,52.45562],[13.35591,52.45577],[13.3558,52.45631],[13.35579,52.45671],[13.3557,52.45717],[13.35573,52.45725],[13.3558,52.45729],[13.35599,52.45728],[13.35598,52.45743],[13.35581,52.45746],[13.35579,52.45812],[13.35584,52.45969],[13.35589,52.45995],[13.35613,52.46065],[13.35599,52.46067],[13.35614,52.46098],[13.35637,52.46097],[13.35665,52.46144],[13.35754,52.46275],[13.35844,52.46421],[13.36055,52.46787],[13.36177,52.47019],[13.36374,52.47345],[13.36351,52.47353],[13.36363,52.47368],[13.36361,52.4739],[13.36384,52.47402],[13.36392,52.47417],[13.36329,52.47439],[13.36314,52.47449],[13.36143,52.47488],[13.36115,52.47497],[13.36027,52.47539],[13.36027,52.47537],[13.35767,52.47663],[13.35437,52.47895],[13.35317,52.47988],[13.35271,52.48007],[13.35238,52.47987],[13.35195,52.47955],[13.34628,52.47815],[13.34521,52.47812],[13.34378,52.47814],[13.34348,52.47831],[13.34344,52.47856],[13.34306,52.47859],[13.3426,52.4786],[13.34184,52.47854],[13.34013,52.47855],[13.33898,52.47846],[13.33895,52.47853],[13.33707,52.4784],[13.33707,52.47813],[13.33299,52.47785],[13.33299,52.4778],[13.33294,52.4778],[13.33294,52.47772],[13.33287,52.47772],[13.33287,52.47741],[13.32832,52.47743],[13.32709,52.47747],[13.32432,52.47748],[13.32043,52.47747]]]}},{"type":"Feature","id":"0740","properties":{"region_id":"0740","region_name":"Tempelhof"},"geometry":{"type":"Polygon","coordinates":[[[13.36238,52.44457],[13.36243,52.4446],[13.36264,52.44415],[13.36308,52.4444],[13.36313,52.44434],[13.36425,52.44491],[13.3656,52.44548],[13.36563,52.44547],[13.36584,52.44562],[13.36604,52.44591],[13.36618,52.44599],[13.36626,52.44597],[13.3664,52.44611],[13.36638,52.44612],[13.36787,52.4469],[13.369,52.44753],[13.36928,52.44773],[13.37018,52.44819],[13.3747,52.4507],[13.37571,52.45114],[13.37681,52.45156],[13.3783,52.45202],[13.37827,52.45208],[13.38252,52.45311],[13.38286,52.45257],[13.38421,52.4528],[13.38596,52.45294],[13.38781,52.45313],[13.38901,52.4533],[13.3907,52.45326],[13.39118,52.4533],[13.39165,52.45339],[13.39195,52.45329],[13.39201,52.45314],[13.3937,52.45309],[13.39636,52.45308],[13.39924,52.45298],[13.40498,52.45286],[13.40606,52.45279],[13.40766,52.45262],[13.40827,52.4526],[13.40877,52.45331],[13.40937,52.4532],[13.41263,52.45292],[13.41517,52.45246],[13.41614,52.45233],[13.41638,52.45171],[13.41655,52.4517],[13.41684,52.45224],[13.41768,52.4522],[13.41885,52.4537],[13.41966,52.45468],[13.42077,52.4563],[13.4212,52.45675],[13.42139,52.45671],[13.42211,52.45666],[13.42495,52.4566],[13.42657,52.4567],[13.42498,52.4577],[13.42462,52.4579],[13.42061,52.45937],[13.42143,52.46066],[13.42323,52.4604],[13.42301,52.46132],[13.42197,52.46152],[13.42203,52.46161],[13.42214,52.46251],[13.4221,52.46272],[13.4219,52.46287],[13.42171,52.4635],[13.42162,52.4653],[13.42154,52.46584],[13.41688,52.4654],[13.41578,52.47031],[13.41349,52.47871],[13.41094,52.4779],[13.41088,52.47772],[13.40689,52.47817],[13.40662,52.47823],[13.4068,52.47886],[13.40624,52.48016],[13.40606,52.48099],[13.40615,52.48123],[13.4064,52.48277],[13.40329,52.48342],[13.40189,52.48365],[13.40046,52.48381],[13.40023,52.48391],[13.39464,52.48403],[13.39452,52.48411],[13.39424,52.4841],[13.39425,52.48577],[13.38629,52.48583],[13.38627,52.48486],[13.37157,52.48495],[13.37153,52.48489],[13.37147,52.48489],[13.37149,52.48487],[13.36743,52.47804],[13.36724,52.47765],[13.36672,52.47676],[13.36653,52.47559],[13.36649,52.47517],[13.36649,52.47477],[13.36658,52.47448],[13.36674,52.47424],[13.36705,52.47383],[13.36739,52.47348],[13.36804,52.47299],[13.36836,52.47279],[13.36864,52.47266],[13.36971,52.47225],[13.37022,52.47214],[13.37108,52.47203],[13.371,52.47116],[13.37037,52.47114],[13.36946,52.47134],[13.36912,52.47148],[13.36871,52.47176],[13.3678,52.47222],[13.36759,52.4724],[13.36686,52.47284],[13.36656,52.47307],[13.36628,52.47334],[13.36591,52.47382],[13.36558,52.47372],[13.36538,52.47373],[13.36534,52.47349],[13.36392,52.47417],[13.36384,52.47402],[13.36361,52.4739],[13.36363,52.47368],[13.36351,52.47353],[13.36374,52.47345],[13.36177,52.47019],[13.36055,52.46787],[13.35844,52.46421],[13.35754,52.46275],[13.35665,52.46144],[13.35637,52.46097],[13.35614,52.46098],[13.35599,52.46067],[13.35613,52.46065],[13.35589,52.45995],[13.35584,52.45969],[13.35579,52.45812],[13.35581,52.45746],[13.35598,52.45743],[13.35599,52.45728],[13.3558,52.45729],[13.35573,52.45725],[13.3557,52.45717],[13.35579,52.45671],[13.3558,52.45631],[13.35591,52.45577],[13.35598,52.45562],[13.35612,52.45561],[13.3564,52.45497],[13.35691,52.45409],[13.3569,52.45403],[13.35729,52.45345],[13.35726,52.45333],[13.35822,52.45182],[13.35863,52.45101],[13.35896,52.45062],[13.35947,52.44969],[13.35972,52.4494],[13.35986,52.44916],[13.36095,52.44711],[13.36101,52.44709],[13.36107,52.44698],[13.3612,52.44685],[13.36111,52.44682],[13.36149,52.44624],[13.36212,52.44511],[13.36238,52.44457]]]}},{"type":"Feature","id":"0750","properties":{"region_id":"0750","region_name":"Mariendorf"},"geometry":{"type":"Polygon","coordinates":[[[13.40609,52.42711],[13.40634,52.42781],[13.40654,52.42864],[13.40677,52.42989],[13.40687,52.43014],[13.40861,52.43273],[13.40887,52.43318],[13.40916,52.43421],[13.40969,52.435],[13.41038,52.43614],[13.41044,52.43702],[13.41057,52.43745],[13.41117,52.43889],[13.41238,52.44203],[13.41399,52.44595],[13.41477,52.44701],[13.4151,52.44848],[13.41573,52.44927],[13.41608,52.45083],[13.41655,52.4517],[13.41638,52.45171],[13.41614,52.45233],[13.41517,52.45246],[13.41263,52.45292],[13.40937,52.4532],[13.40877,52.45331],[13.40827,52.4526],[13.40766,52.45262],[13.40606,52.45279],[13.40498,52.45286],[13.39924,52.45298],[13.39636,52.45308],[13.3937,52.45309],[13.39201,52.45314],[13.39195,52.45329],[13.39165,52.45339],[13.39118,52.4533],[13.3907,52.45326],[13.38901,52.4533],[13.38781,52.45313],[13.38596,52.45294],[13.38421,52.4528],[13.38286,52.45257],[13.38252,52.45311],[13.37827,52.45208],[13.3783,52.45202],[13.37769,52.45185],[13.37642,52.45142],[13.3747,52.4507],[13.37018,52.44819],[13.36928,52.44773],[13.369,52.44753],[13.36787,52.4469],[13.36638,52.44612],[13.3664,52.44611],[13.36626,52.44597],[13.36618,52.44599],[13.36604,52.44591],[13.36584,52.44562],[13.36563,52.44547],[13.3656,52.44548],[13.36425,52.44491],[13.36313,52.44434],[13.36308,52.4444],[13.36264,52.44415],[13.36341,52.44281],[13.36348,52.44281],[13.36488,52.44045],[13.36613,52.43848],[13.36707,52.4368],[13.36725,52.43635],[13.36752,52.43585],[13.36907,52.43334],[13.36944,52.43265],[13.37067,52.43078],[13.37121,52.4299],[13.37155,52.42919],[13.37521,52.42872],[13.37502,52.42834],[13.37824,52.42781],[13.37837,52.42795],[13.38148,52.42744],[13.38143,52.42729],[13.3835,52.42695],[13.38607,52.42722],[13.38613,52.42727],[13.38766,52.42744],[13.38767,52.42739],[13.38776,52.42736],[13.38837,52.42496],[13.38835,52.42491],[13.38669,52.42454],[13.38254,52.42323],[13.38326,52.42295],[13.38519,52.4219],[13.38605,52.42153],[13.38709,52.42117],[13.38897,52.42069],[13.38988,52.4204],[13.39052,52.42015],[13.39098,52.41993],[13.39144,52.41965],[13.39249,52.41921],[13.39382,52.41887],[13.39375,52.41871],[13.39379,52.41864],[13.39498,52.41811],[13.39572,52.41785],[13.39819,52.41674],[13.39835,52.41674],[13.39871,52.4172],[13.39844,52.41732],[13.39918,52.41747],[13.39907,52.41768],[13.39943,52.41813],[13.3995,52.41802],[13.40012,52.41877],[13.40482,52.42],[13.40547,52.42176],[13.4026,52.42216],[13.40537,52.42583],[13.40576,52.42646],[13.40609,52.42711]]]}},{"type":"Feature","id":"0760","properties":{"region_id":"0760","region_name":"Marienfelde / Lichtenrade"},"geometry":{"type":"Polygon","coordinates":[[[13.35927,52.41994],[13.35883,52.41982],[13.35522,52.41851],[13.35358,52.41802],[13.3524,52.41761],[13.35081,52.41697],[13.34832,52.41623],[13.34597,52.41544],[13.34583,52.41519],[13.34547,52.41525],[13.34274,52.41417],[13.34305,52.41347],[13.3431,52.4133],[13.34307,52.41224],[13.34294,52.41173],[13.34335,52.41172],[13.34306,52.40769],[13.34791,52.4047],[13.34948,52.4037],[13.35083,52.4029],[13.35253,52.40209],[13.35442,52.40097],[13.35732,52.3996],[13.35937,52.39847],[13.36062,52.398],[13.36244,52.39722],[13.36422,52.39668],[13.37195,52.3938],[13.37036,52.38843],[13.37515,52.38819],[13.37785,52.38815],[13.3787,52.38816],[13.38343,52.38836],[13.3873,52.38857],[13.38798,52.38426],[13.38823,52.38213],[13.38808,52.38173],[13.38824,52.38103],[13.38823,52.38073],[13.3881,52.37999],[13.38809,52.37936],[13.38843,52.37786],[13.39513,52.37761],[13.39517,52.37766],[13.39712,52.37758],[13.40072,52.37733],[13.40472,52.37694],[13.40718,52.37685],[13.4091,52.37664],[13.40989,52.37659],[13.41283,52.37688],[13.41264,52.37641],[13.42081,52.37614],[13.42203,52.37802],[13.42746,52.38578],[13.42742,52.38643],[13.42698,52.38784],[13.42666,52.38854],[13.42583,52.39058],[13.42101,52.40121],[13.41842,52.40708],[13.4183,52.40799],[13.41848,52.40925],[13.41875,52.40998],[13.41958,52.41018],[13.41968,52.41049],[13.41816,52.4108],[13.41427,52.41231],[13.41301,52.41266],[13.41149,52.41314],[13.41058,52.41332],[13.40995,52.41339],[13.40864,52.41344],[13.40756,52.4134],[13.406,52.41324],[13.4025,52.41271],[13.39943,52.41813],[13.39907,52.41768],[13.39918,52.41747],[13.39844,52.41732],[13.39871,52.4172],[13.39835,52.41674],[13.39819,52.41674],[13.39572,52.41785],[13.39498,52.41811],[13.39379,52.41864],[13.39375,52.41871],[13.39382,52.41887],[13.39249,52.41921],[13.39144,52.41965],[13.39098,52.41993],[13.39052,52.42015],[13.38988,52.4204],[13.38897,52.42069],[13.38709,52.42117],[13.38605,52.42153],[13.38519,52.4219],[13.38326,52.42295],[13.38254,52.42323],[13.38669,52.42454],[13.38835,52.42491],[13.38837,52.42496],[13.38776,52.42736],[13.38767,52.42739],[13.38766,52.42744],[13.38613,52.42727],[13.38607,52.42722],[13.3835,52.42695],[13.38143,52.42729],[13.38148,52.42744],[13.37837,52.42795],[13.37824,52.42781],[13.37502,52.42834],[13.37521,52.42872],[13.37155,52.42919],[13.3716,52.42912],[13.3711,52.42889],[13.37115,52.4288],[13.36857,52.42762],[13.36826,52.42755],[13.36792,52.42761],[13.36416,52.42231],[13.36351,52.42155],[13.36323,52.42142],[13.36029,52.42057],[13.35918,52.42007],[13.35927,52.41994]]]}},{"type":"Feature","id":"0810","properties":{"region_id":"0810","region_name":"Neukölln"},"geometry":{"type":"Polygon","coordinates":[[[13.45033,52.48709],[13.44873,52.48803],[13.44866,52.48798],[13.44676,52.48896],[13.44444,52.48746],[13.43966,52.48991],[13.43963,52.48966],[13.43926,52.48961],[13.43827,52.49038],[13.4304,52.49288],[13.42262,52.49541],[13.42153,52.49569],[13.4204,52.49586],[13.42079,52.49548],[13.4242,52.49004],[13.42488,52.48894],[13.42487,52.48891],[13.4249,52.4889],[13.42541,52.48809],[13.42494,52.48778],[13.42402,52.48668],[13.42368,52.48636],[13.42084,52.48717],[13.40789,52.48886],[13.40772,52.48875],[13.40784,52.48849],[13.40791,52.48848],[13.40853,52.48714],[13.40711,52.48582],[13.40692,52.48558],[13.40682,52.48539],[13.40675,52.48513],[13.40615,52.48123],[13.40606,52.48099],[13.40624,52.48016],[13.4068,52.47886],[13.40662,52.47823],[13.40667,52.47822],[13.41088,52.47772],[13.41094,52.4779],[13.41349,52.47871],[13.41578,52.47031],[13.41688,52.4654],[13.42154,52.46584],[13.42162,52.4653],[13.42171,52.4635],[13.4219,52.46287],[13.4221,52.46272],[13.42214,52.46251],[13.42203,52.46161],[13.42197,52.46152],[13.42301,52.46132],[13.42636,52.46167],[13.43174,52.46233],[13.43418,52.46276],[13.43454,52.46286],[13.43772,52.46314],[13.44116,52.46339],[13.44199,52.4635],[13.44418,52.46385],[13.44452,52.46368],[13.44772,52.46426],[13.45128,52.465],[13.45205,52.46511],[13.45247,52.46513],[13.45248,52.46511],[13.45275,52.46514],[13.4527,52.46511],[13.45247,52.46473],[13.45237,52.46407],[13.45251,52.46343],[13.4529,52.46282],[13.45475,52.46089],[13.45518,52.46099],[13.45543,52.46079],[13.45581,52.46031],[13.45584,52.46032],[13.4563,52.45979],[13.45662,52.45964],[13.45698,52.45911],[13.45699,52.4592],[13.45704,52.45923],[13.45723,52.45926],[13.45727,52.45921],[13.45734,52.45924],[13.47497,52.45876],[13.47495,52.45919],[13.47498,52.45947],[13.47517,52.45991],[13.4758,52.46091],[13.4772,52.46199],[13.47855,52.46398],[13.47848,52.46499],[13.47834,52.46523],[13.47635,52.46713],[13.4756,52.46765],[13.47504,52.46813],[13.47098,52.47203],[13.4701,52.47296],[13.4698,52.47333],[13.46962,52.47367],[13.46959,52.4738],[13.46961,52.47399],[13.46998,52.47484],[13.47029,52.47573],[13.47038,52.47602],[13.47057,52.47691],[13.46116,52.48354],[13.46118,52.4837],[13.45813,52.48582],[13.45607,52.48425],[13.45044,52.48715],[13.45033,52.48709]]]}},{"type":"Feature","id":"0820","properties":{"region_id":"0820","region_name":"Britz/Buckow"},"geometry":{"type":"Polygon","coordinates":[[[13.45719,52.45885],[13.45662,52.45964],[13.4563,52.45979],[13.45584,52.46032],[13.45581,52.46031],[13.45543,52.46079],[13.45518,52.46099],[13.45475,52.46089],[13.4529,52.46282],[13.45251,52.46343],[13.45237,52.46407],[13.45247,52.46473],[13.4527,52.46511],[13.45275,52.46514],[13.45248,52.46511],[13.45247,52.46513],[13.45205,52.46511],[13.45128,52.465],[13.44772,52.46426],[13.44452,52.46368],[13.44418,52.46385],[13.44199,52.4635],[13.44116,52.46339],[13.43772,52.46314],[13.43454,52.46286],[13.43418,52.46276],[13.43174,52.46233],[13.42636,52.46167],[13.42301,52.46132],[13.42323,52.4604],[13.42143,52.46066],[13.42061,52.45937],[13.42462,52.4579],[13.42498,52.4577],[13.42657,52.4567],[13.42495,52.4566],[13.42211,52.45666],[13.42139,52.45671],[13.4212,52.45675],[13.42077,52.4563],[13.41966,52.45468],[13.41885,52.4537],[13.41768,52.4522],[13.41684,52.45224],[13.41608,52.45083],[13.41573,52.44927],[13.4151,52.44848],[13.41477,52.44701],[13.41399,52.44595],[13.41238,52.44203],[13.41117,52.43889],[13.41057,52.43745],[13.41044,52.43702],[13.41038,52.43614],[13.40969,52.435],[13.40916,52.43421],[13.40887,52.43318],[13.40861,52.43273],[13.40687,52.43014],[13.40677,52.42989],[13.40654,52.42864],[13.40634,52.42781],[13.40609,52.42711],[13.40576,52.42646],[13.40518,52.42555],[13.4026,52.42216],[13.40547,52.42176],[13.40482,52.42],[13.40012,52.41877],[13.3995,52.41802],[13.4025,52.41271],[13.406,52.41324],[13.40756,52.4134],[13.40864,52.41344],[13.40995,52.41339],[13.41058,52.41332],[13.41149,52.41314],[13.41301,52.41266],[13.41427,52.41231],[13.41816,52.4108],[13.41968,52.41049],[13.41958,52.41018],[13.42178,52.41053],[13.42312,52.41084],[13.4247,52.41125],[13.42795,52.41189],[13.43193,52.41252],[13.43536,52.41356],[13.43867,52.41442],[13.43891,52.41445],[13.44061,52.41482],[13.44157,52.41507],[13.44324,52.41559],[13.44706,52.41669],[13.4479,52.41716],[13.45197,52.41849],[13.45324,52.41896],[13.45469,52.41945],[13.45722,52.42009],[13.4589,52.42047],[13.46089,52.42075],[13.46127,52.42098],[13.46148,52.4212],[13.46165,52.42145],[13.46122,52.42155],[13.46123,52.42152],[13.45746,52.42243],[13.45238,52.4236],[13.45176,52.4238],[13.45008,52.42402],[13.4472,52.42492],[13.44715,52.42503],[13.44763,52.4251],[13.44693,52.42539],[13.44635,52.42573],[13.44595,52.42607],[13.44543,52.42662],[13.44652,52.42704],[13.44654,52.4271],[13.44592,52.42754],[13.44604,52.42759],[13.44614,52.42758],[13.44661,52.42791],[13.44714,52.42845],[13.44754,52.42902],[13.44881,52.43177],[13.44919,52.4328],[13.44924,52.43302],[13.44962,52.43302],[13.45053,52.43338],[13.45052,52.43366],[13.45079,52.4351],[13.45129,52.43644],[13.45162,52.43677],[13.45158,52.43702],[13.45171,52.4374],[13.45249,52.43867],[13.45277,52.43906],[13.45428,52.44061],[13.45608,52.44214],[13.45666,52.4428],[13.45719,52.44327],[13.45731,52.44346],[13.45731,52.44353],[13.45825,52.44435],[13.45843,52.44445],[13.45864,52.4445],[13.45895,52.44451],[13.46155,52.44429],[13.46189,52.44423],[13.4622,52.44413],[13.46619,52.44226],[13.46689,52.44187],[13.46829,52.44083],[13.4684,52.44068],[13.46865,52.44011],[13.46878,52.43996],[13.46897,52.43981],[13.46963,52.44017],[13.47287,52.4386],[13.47299,52.43871],[13.47362,52.4382],[13.47478,52.43925],[13.47549,52.43995],[13.47666,52.44121],[13.47774,52.44225],[13.47805,52.4425],[13.47825,52.44241],[13.47869,52.44274],[13.47843,52.44285],[13.47809,52.44315],[13.47668,52.44384],[13.47612,52.444],[13.46598,52.44891],[13.46493,52.4495],[13.46391,52.45019],[13.4635,52.45057],[13.46301,52.45112],[13.46294,52.45115],[13.46286,52.45112],[13.46275,52.45123],[13.46267,52.4512],[13.46256,52.45151],[13.46178,52.45256],[13.46141,52.45291],[13.45901,52.45647],[13.45755,52.45828],[13.45719,52.45885]]]}},{"type":"Feature","id":"0830","properties":{"region_id":"0830","region_name":"Gropiusstadt"},"geometry":{"type":"Polygon","coordinates":[[[13.47475,52.43158],[13.47293,52.43244],[13.47224,52.43203],[13.47205,52.43215],[13.47215,52.43221],[13.47193,52.43234],[13.47177,52.43225],[13.47156,52.43237],[13.47176,52.43249],[13.47172,52.43252],[13.47187,52.43261],[13.47182,52.43265],[13.4721,52.43283],[13.47195,52.4329],[13.47133,52.4325],[13.47061,52.43292],[13.47055,52.43288],[13.47036,52.43299],[13.47059,52.43315],[13.47039,52.43326],[13.47027,52.43317],[13.4696,52.43344],[13.46892,52.43295],[13.46871,52.43305],[13.46691,52.43175],[13.46763,52.43146],[13.46518,52.42974],[13.46507,52.42973],[13.46404,52.43016],[13.46149,52.43111],[13.46092,52.43142],[13.46045,52.4318],[13.46048,52.43187],[13.46016,52.43215],[13.46104,52.43246],[13.46247,52.43287],[13.46239,52.433],[13.4628,52.43335],[13.46224,52.43385],[13.46163,52.43416],[13.46064,52.43454],[13.46062,52.43452],[13.45988,52.43479],[13.45672,52.43158],[13.45675,52.43152],[13.45665,52.43141],[13.45468,52.43199],[13.45459,52.43197],[13.45441,52.43202],[13.45603,52.4341],[13.45596,52.43418],[13.45617,52.4344],[13.45419,52.435],[13.4534,52.43532],[13.45263,52.43578],[13.45237,52.43599],[13.45178,52.43655],[13.45173,52.4366],[13.45175,52.43663],[13.45154,52.43669],[13.45129,52.43644],[13.45079,52.4351],[13.45052,52.43366],[13.45053,52.43338],[13.44962,52.43302],[13.44924,52.43302],[13.44919,52.4328],[13.44881,52.43177],[13.44754,52.42902],[13.44714,52.42845],[13.44661,52.42791],[13.44614,52.42758],[13.44604,52.42759],[13.44592,52.42754],[13.44654,52.4271],[13.44652,52.42704],[13.44543,52.42662],[13.44595,52.42607],[13.44635,52.42573],[13.44693,52.42539],[13.44763,52.4251],[13.44715,52.42503],[13.4472,52.42492],[13.45008,52.42402],[13.45176,52.4238],[13.45238,52.4236],[13.45746,52.42243],[13.46123,52.42152],[13.46122,52.42155],[13.46165,52.42145],[13.46148,52.4212],[13.4613,52.42101],[13.46089,52.42075],[13.46355,52.42108],[13.46802,52.42003],[13.468,52.42006],[13.46847,52.42001],[13.47102,52.41988],[13.47101,52.41981],[13.47364,52.41968],[13.47365,52.41975],[13.47752,52.41959],[13.47855,52.41968],[13.47939,52.41986],[13.47997,52.42007],[13.48071,52.4207],[13.48508,52.42406],[13.48508,52.42417],[13.48272,52.42588],[13.48271,52.42583],[13.48252,52.42578],[13.48198,52.42573],[13.47379,52.42595],[13.47386,52.42599],[13.47397,52.42751],[13.47392,52.42783],[13.47378,52.42812],[13.47401,52.42821],[13.47361,52.42861],[13.47658,52.42975],[13.47628,52.43],[13.4748,52.43098],[13.47446,52.43078],[13.47394,52.43111],[13.47475,52.43158]]]}},{"type":"Feature","id":"0840","properties":{"region_id":"0840","region_name":"Buckow Nord/Rudow"},"geometry":{"type":"Polygon","coordinates":[[[13.4663,52.4422],[13.46234,52.44407],[13.46193,52.44422],[13.46151,52.44429],[13.45892,52.44451],[13.45864,52.4445],[13.45841,52.44444],[13.4582,52.44431],[13.45731,52.44353],[13.45731,52.44346],[13.45719,52.44327],[13.45666,52.4428],[13.45608,52.44214],[13.45428,52.44061],[13.45303,52.43935],[13.45277,52.43906],[13.45249,52.43867],[13.45171,52.4374],[13.45158,52.43702],[13.45162,52.43677],[13.45154,52.43669],[13.45175,52.43663],[13.45173,52.4366],[13.45178,52.43655],[13.45237,52.43599],[13.45263,52.43578],[13.4534,52.43532],[13.45419,52.435],[13.45617,52.4344],[13.45596,52.43418],[13.45603,52.4341],[13.45441,52.43202],[13.45459,52.43197],[13.45468,52.43199],[13.45665,52.43141],[13.45675,52.43152],[13.45672,52.43158],[13.45988,52.43479],[13.46062,52.43452],[13.46064,52.43454],[13.46163,52.43416],[13.46224,52.43385],[13.4628,52.43335],[13.46239,52.433],[13.46247,52.43287],[13.46104,52.43246],[13.46016,52.43215],[13.46048,52.43187],[13.46045,52.4318],[13.46092,52.43142],[13.46149,52.43111],[13.46404,52.43016],[13.46507,52.42973],[13.46518,52.42974],[13.46763,52.43146],[13.46691,52.43175],[13.46871,52.43305],[13.46892,52.43295],[13.4696,52.43344],[13.47027,52.43317],[13.47039,52.43326],[13.47059,52.43315],[13.47036,52.43299],[13.47055,52.43288],[13.47061,52.43292],[13.47133,52.4325],[13.47195,52.4329],[13.4721,52.43283],[13.47182,52.43265],[13.47187,52.43261],[13.47172,52.43252],[13.47176,52.43249],[13.47156,52.43237],[13.47177,52.43225],[13.47193,52.43234],[13.47215,52.43221],[13.47205,52.43215],[13.47224,52.43203],[13.47293,52.43244],[13.47475,52.43158],[13.47394,52.43111],[13.47446,52.43078],[13.4748,52.43098],[13.47628,52.43],[13.47658,52.42975],[13.47361,52.42861],[13.47401,52.42821],[13.47378,52.42812],[13.47392,52.42783],[13.47397,52.42751],[13.47386,52.42599],[13.47379,52.42595],[13.48198,52.42573],[13.48252,52.42578],[13.48271,52.42583],[13.48272,52.42588],[13.48508,52.42417],[13.48508,52.42406],[13.48071,52.4207],[13.47997,52.42007],[13.47911,52.41979],[13.47841,52.41966],[13.47767,52.41959],[13.47365,52.41975],[13.47364,52.41968],[13.47101,52.41981],[13.47102,52.41988],[13.46847,52.42001],[13.468,52.42006],[13.46878,52.41827],[13.46951,52.41686],[13.47052,52.41503],[13.47101,52.41406],[13.47191,52.41257],[13.47312,52.41066],[13.47417,52.40865],[13.47582,52.40624],[13.4763,52.40527],[13.47671,52.40458],[13.47685,52.40426],[13.47703,52.40399],[13.47761,52.40343],[13.47764,52.40332],[13.47761,52.40306],[13.47761,52.40272],[13.47813,52.40159],[13.47862,52.40074],[13.47895,52.39998],[13.47905,52.3992],[13.47917,52.39858],[13.47976,52.39595],[13.48355,52.39694],[13.48647,52.39741],[13.49056,52.39776],[13.49285,52.39821],[13.49503,52.39857],[13.49754,52.39881],[13.50071,52.39933],[13.50575,52.39991],[13.50817,52.40026],[13.51169,52.40081],[13.51303,52.40105],[13.51404,52.40126],[13.516,52.40179],[13.51598,52.40219],[13.51698,52.40284],[13.51665,52.40333],[13.51755,52.40386],[13.51877,52.40466],[13.51933,52.40494],[13.51905,52.40512],[13.52071,52.40629],[13.5206,52.4064],[13.52098,52.40668],[13.52167,52.40729],[13.52179,52.40744],[13.52234,52.40854],[13.52321,52.41081],[13.52293,52.41104],[13.52348,52.41167],[13.52301,52.41214],[13.52345,52.41242],[13.52323,52.41265],[13.5236,52.41317],[13.52406,52.41359],[13.52263,52.41415],[13.52259,52.41432],[13.52226,52.41443],[13.52296,52.41545],[13.5225,52.41625],[13.52222,52.41692],[13.52213,52.41735],[13.52216,52.4183],[13.52212,52.41843],[13.52085,52.41954],[13.52065,52.42019],[13.5205,52.42084],[13.52018,52.42103],[13.51991,52.42135],[13.51948,52.42142],[13.51865,52.42226],[13.51844,52.42291],[13.51961,52.42463],[13.51956,52.42471],[13.52023,52.42573],[13.52043,52.42609],[13.52051,52.42656],[13.52,52.42672],[13.51977,52.42675],[13.51589,52.42699],[13.51441,52.42716],[13.5131,52.42737],[13.51149,52.42769],[13.51083,52.42786],[13.50893,52.42842],[13.50764,52.42888],[13.50597,52.4296],[13.49854,52.43321],[13.49797,52.43334],[13.49777,52.43343],[13.4978,52.43345],[13.49753,52.43357],[13.49709,52.43391],[13.495,52.43492],[13.49444,52.43508],[13.48945,52.43751],[13.48915,52.43776],[13.48898,52.43785],[13.48481,52.43987],[13.48413,52.44009],[13.47869,52.44274],[13.47825,52.44241],[13.47805,52.4425],[13.47774,52.44225],[13.47666,52.44121],[13.47549,52.43995],[13.47478,52.43925],[13.47362,52.4382],[13.47299,52.43871],[13.47287,52.4386],[13.46963,52.44017],[13.46897,52.43981],[13.46867,52.44008],[13.46838,52.44071],[13.46817,52.44093],[13.4668,52.44193],[13.4663,52.4422]]]}},{"type":"Feature","id":"0910","properties":{"region_id":"0910","region_name":"Treptow-Köpenick 1"},"geometry":{"type":"Polygon","coordinates":[[[13.51797,52.43271],[13.53048,52.43992],[13.53021,52.44003],[13.53005,52.44014],[13.53007,52.44017],[13.52889,52.44095],[13.53142,52.44234],[13.53092,52.44268],[13.53096,52.4427],[13.5306,52.44294],[13.52112,52.44934],[13.52061,52.44965],[13.51982,52.44969],[13.51861,52.4505],[13.51565,52.45224],[13.51467,52.45289],[13.51474,52.45296],[13.51373,52.45364],[13.51298,52.45412],[13.5128,52.45421],[13.51273,52.45417],[13.51219,52.45453],[13.51231,52.45453],[13.51229,52.45455],[13.51209,52.45463],[13.51191,52.45461],[13.51173,52.45454],[13.51149,52.45471],[13.51028,52.45401],[13.5098,52.45376],[13.50886,52.45438],[13.50909,52.45456],[13.50788,52.45518],[13.50586,52.45649],[13.50493,52.4572],[13.50385,52.4579],[13.49935,52.46102],[13.49832,52.46182],[13.49692,52.4627],[13.49571,52.4633],[13.4955,52.46342],[13.49555,52.46345],[13.49358,52.4645],[13.4939,52.46483],[13.49385,52.46486],[13.49404,52.46499],[13.49551,52.46655],[13.49567,52.46666],[13.49788,52.46903],[13.49808,52.46913],[13.49846,52.46916],[13.49876,52.46912],[13.49903,52.469],[13.49845,52.46965],[13.49811,52.46991],[13.49752,52.47017],[13.49703,52.4703],[13.49694,52.47036],[13.49681,52.47032],[13.49671,52.47045],[13.49666,52.47043],[13.49658,52.47053],[13.49648,52.4705],[13.49589,52.47119],[13.49608,52.47125],[13.49582,52.47156],[13.49552,52.47147],[13.49522,52.47191],[13.49503,52.47233],[13.49484,52.47279],[13.49451,52.47434],[13.49448,52.47519],[13.49496,52.4766],[13.4955,52.47786],[13.49559,52.47818],[13.49562,52.47854],[13.49561,52.47877],[13.49498,52.48114],[13.49478,52.48171],[13.49369,52.48428],[13.49366,52.48427],[13.49361,52.48436],[13.49362,52.48445],[13.49287,52.48565],[13.49274,52.48582],[13.49228,52.48624],[13.49137,52.48701],[13.49091,52.48735],[13.49071,52.48744],[13.48987,52.48764],[13.48915,52.48776],[13.4885,52.48784],[13.48755,52.48779],[13.48674,52.48765],[13.48595,52.4874],[13.48296,52.48605],[13.48206,52.48744],[13.48168,52.48764],[13.48047,52.48789],[13.47986,52.48794],[13.47942,52.48792],[13.47924,52.48787],[13.47863,52.48703],[13.47799,52.48787],[13.47787,52.48813],[13.47769,52.48878],[13.47705,52.48931],[13.47613,52.48996],[13.47544,52.49033],[13.47379,52.49103],[13.47102,52.49149],[13.4685,52.49234],[13.46706,52.49269],[13.46422,52.49374],[13.4632,52.49422],[13.46317,52.49435],[13.46398,52.49503],[13.46395,52.49509],[13.46374,52.49522],[13.46319,52.49545],[13.46306,52.49535],[13.46193,52.49559],[13.45948,52.49654],[13.45507,52.49742],[13.45504,52.49737],[13.45407,52.49756],[13.45335,52.49752],[13.45267,52.49757],[13.45142,52.49732],[13.45091,52.49711],[13.45065,52.49694],[13.4507,52.49693],[13.44773,52.49475],[13.44742,52.49466],[13.44709,52.49463],[13.44625,52.49473],[13.44582,52.49472],[13.44548,52.49464],[13.4451,52.49449],[13.44456,52.4941],[13.44078,52.49117],[13.44023,52.49086],[13.43989,52.4906],[13.43976,52.49035],[13.43966,52.48991],[13.44444,52.48746],[13.44676,52.48896],[13.44866,52.48798],[13.44873,52.48803],[13.45033,52.48709],[13.45044,52.48715],[13.45607,52.48425],[13.45813,52.48582],[13.46118,52.4837],[13.46116,52.48354],[13.47057,52.47691],[13.47038,52.47602],[13.47029,52.47573],[13.46998,52.47484],[13.46961,52.47399],[13.46959,52.4738],[13.46962,52.47367],[13.4698,52.47333],[13.4701,52.47296],[13.47098,52.47203],[13.47504,52.46813],[13.4756,52.46765],[13.47635,52.46713],[13.47841,52.46513],[13.47848,52.46499],[13.47855,52.46398],[13.4772,52.46199],[13.4758,52.46091],[13.47517,52.45991],[13.47498,52.45947],[13.47495,52.45919],[13.47497,52.45876],[13.45734,52.45924],[13.45727,52.45921],[13.45723,52.45926],[13.45712,52.45926],[13.45699,52.4592],[13.45698,52.45911],[13.45719,52.45885],[13.45755,52.45828],[13.45901,52.45647],[13.46141,52.45291],[13.46178,52.45256],[13.46256,52.45151],[13.46267,52.4512],[13.46275,52.45123],[13.46286,52.45112],[13.46294,52.45115],[13.46301,52.45112],[13.46376,52.45031],[13.46435,52.44988],[13.46516,52.44936],[13.46614,52.44883],[13.47612,52.444],[13.47668,52.44384],[13.47802,52.44318],[13.47816,52.4431],[13.4785,52.4428],[13.47907,52.44257],[13.4842,52.44006],[13.48481,52.43987],[13.48898,52.43785],[13.48915,52.43776],[13.48945,52.43751],[13.49444,52.43508],[13.495,52.43492],[13.49709,52.43391],[13.49753,52.43357],[13.4978,52.43345],[13.49777,52.43343],[13.49797,52.43334],[13.49854,52.43321],[13.50619,52.42949],[13.50764,52.42888],[13.50933,52.42829],[13.51113,52.42778],[13.5127,52.42744],[13.51441,52.42716],[13.51589,52.42699],[13.51995,52.42673],[13.51797,52.43271]]]}},{"type":"Feature","id":"0920","properties":{"region_id":"0920","region_name":"Treptow-Köpenick 2"},"geometry":{"type":"Polygon","coordinates":[[[13.53048,52.43992],[13.51797,52.43271],[13.51995,52.42673],[13.52051,52.42656],[13.52046,52.42624],[13.52152,52.42609],[13.52331,52.42598],[13.52406,52.42604],[13.52797,52.42583],[13.52803,52.42582],[13.52811,52.42573],[13.52818,52.42556],[13.52825,52.42556],[13.52842,52.42577],[13.52851,52.4258],[13.54184,52.42506],[13.54359,52.42497],[13.54457,52.42496],[13.54522,52.42483],[13.54701,52.42486],[13.5481,52.42493],[13.54943,52.42505],[13.54999,52.42521],[13.55414,52.42573],[13.55445,52.42583],[13.55506,52.42591],[13.55511,52.42587],[13.55569,52.42594],[13.55579,52.42593],[13.56102,52.42657],[13.5616,52.42656],[13.56446,52.42693],[13.56496,52.42708],[13.57297,52.42809],[13.57283,52.42833],[13.57329,52.42843],[13.57354,52.42852],[13.57394,52.42879],[13.57412,52.42901],[13.57395,52.42978],[13.57379,52.43097],[13.57368,52.43093],[13.57366,52.43088],[13.57347,52.43082],[13.5734,52.4309],[13.57375,52.43103],[13.57373,52.43106],[13.57364,52.43106],[13.5729,52.43152],[13.5728,52.4315],[13.57279,52.43153],[13.57286,52.43154],[13.57267,52.43166],[13.57215,52.43243],[13.5721,52.43271],[13.57209,52.43299],[13.57241,52.433],[13.5724,52.43307],[13.57206,52.43309],[13.57204,52.43323],[13.57197,52.43323],[13.57187,52.43346],[13.57183,52.43373],[13.57186,52.43373],[13.57187,52.43396],[13.5718,52.43402],[13.5719,52.43436],[13.57216,52.43466],[13.57232,52.43495],[13.57278,52.4353],[13.57287,52.43545],[13.57293,52.43546],[13.57368,52.43602],[13.57435,52.43646],[13.57454,52.43662],[13.57462,52.43679],[13.57466,52.43679],[13.57468,52.43683],[13.57461,52.43686],[13.57463,52.43719],[13.57453,52.43738],[13.57432,52.43761],[13.5733,52.43807],[13.57315,52.43822],[13.57313,52.43833],[13.57215,52.43833],[13.57312,52.43835],[13.57302,52.43849],[13.57296,52.43867],[13.57286,52.4388],[13.57281,52.43885],[13.57274,52.43885],[13.57268,52.43896],[13.57262,52.43895],[13.57244,52.43921],[13.57246,52.43931],[13.57236,52.43936],[13.57166,52.44015],[13.57092,52.44114],[13.57074,52.44151],[13.57065,52.4418],[13.57057,52.44182],[13.57047,52.44254],[13.57048,52.44296],[13.57052,52.44307],[13.57041,52.44359],[13.57027,52.44363],[13.57023,52.44374],[13.5702,52.44411],[13.57099,52.44411],[13.57099,52.44419],[13.57096,52.44419],[13.57099,52.44424],[13.57096,52.44433],[13.57134,52.44433],[13.57139,52.44437],[13.57139,52.44456],[13.57129,52.44465],[13.5713,52.44481],[13.57103,52.44481],[13.57068,52.44473],[13.57027,52.44473],[13.57026,52.44466],[13.57015,52.44466],[13.57022,52.44497],[13.5704,52.44529],[13.57042,52.44528],[13.57056,52.44547],[13.5707,52.44576],[13.5708,52.44611],[13.57098,52.44645],[13.57157,52.44742],[13.57164,52.44746],[13.57169,52.44756],[13.57172,52.44768],[13.5717,52.44778],[13.57154,52.44796],[13.57143,52.44803],[13.5712,52.44811],[13.57055,52.44822],[13.56983,52.44845],[13.56911,52.44882],[13.56907,52.44881],[13.56906,52.44885],[13.56808,52.44959],[13.56727,52.45044],[13.56689,52.4509],[13.56651,52.45139],[13.56601,52.45213],[13.56563,52.4526],[13.56544,52.4528],[13.56499,52.4531],[13.56459,52.45325],[13.56406,52.45337],[13.5635,52.45345],[13.56307,52.45347],[13.56272,52.45344],[13.56199,52.45324],[13.56095,52.45318],[13.56049,52.45321],[13.5588,52.45322],[13.55771,52.45312],[13.55761,52.45435],[13.55738,52.45437],[13.55738,52.45475],[13.55726,52.45552],[13.55743,52.45555],[13.55733,52.45591],[13.56224,52.45663],[13.56271,52.45673],[13.56363,52.45677],[13.56151,52.4587],[13.56141,52.45885],[13.55565,52.4653],[13.55558,52.46543],[13.55552,52.46545],[13.55428,52.46684],[13.55431,52.46685],[13.55422,52.46696],[13.55295,52.46838],[13.55291,52.46839],[13.55265,52.46872],[13.55259,52.46886],[13.55262,52.46896],[13.55296,52.46925],[13.5528,52.46932],[13.55285,52.46937],[13.55299,52.46933],[13.55305,52.46943],[13.55292,52.46946],[13.55288,52.46965],[13.55267,52.4697],[13.55257,52.46965],[13.55202,52.46975],[13.55163,52.46984],[13.55085,52.47011],[13.5495,52.47074],[13.54913,52.47099],[13.5488,52.47115],[13.54244,52.47395],[13.54207,52.47399],[13.53985,52.47498],[13.53143,52.46839],[13.53139,52.4684],[13.53077,52.46794],[13.52753,52.47062],[13.52554,52.47236],[13.52367,52.47386],[13.52243,52.47475],[13.52158,52.47522],[13.52144,52.47514],[13.52032,52.47407],[13.51652,52.47537],[13.51558,52.47558],[13.51462,52.4757],[13.51383,52.47571],[13.51297,52.47566],[13.50785,52.4749],[13.50432,52.47812],[13.50189,52.48257],[13.50153,52.48258],[13.50051,52.4827],[13.49935,52.48293],[13.49828,52.48322],[13.49785,52.48328],[13.49723,52.48331],[13.49687,52.48327],[13.49671,52.48332],[13.49418,52.48312],[13.49492,52.48133],[13.49561,52.47877],[13.49559,52.47818],[13.4955,52.47786],[13.49496,52.4766],[13.49448,52.47519],[13.49451,52.47434],[13.49484,52.47279],[13.49522,52.47191],[13.49541,52.4716],[13.49552,52.47147],[13.49582,52.47156],[13.49608,52.47125],[13.49589,52.47119],[13.49648,52.4705],[13.49658,52.47053],[13.49666,52.47043],[13.49671,52.47045],[13.49681,52.47032],[13.49694,52.47036],[13.49703,52.4703],[13.49752,52.47017],[13.49811,52.46991],[13.49845,52.46965],[13.49903,52.469],[13.49876,52.46912],[13.49846,52.46916],[13.49808,52.46913],[13.49788,52.46903],[13.49567,52.46666],[13.49551,52.46655],[13.49404,52.46499],[13.49385,52.46486],[13.4939,52.46483],[13.49358,52.4645],[13.49555,52.46345],[13.4955,52.46342],[13.49571,52.4633],[13.49692,52.4627],[13.49832,52.46182],[13.49935,52.46102],[13.50385,52.4579],[13.50493,52.4572],[13.50586,52.45649],[13.50788,52.45518],[13.50909,52.45456],[13.50886,52.45438],[13.5098,52.45376],[13.51028,52.45401],[13.51149,52.45471],[13.51173,52.45454],[13.51191,52.45461],[13.51209,52.45463],[13.51229,52.45455],[13.51231,52.45453],[13.51219,52.45453],[13.51273,52.45417],[13.5128,52.45421],[13.51298,52.45412],[13.51373,52.45364],[13.51474,52.45296],[13.51467,52.45289],[13.51565,52.45224],[13.51861,52.4505],[13.51982,52.44969],[13.52061,52.44965],[13.52112,52.44934],[13.5306,52.44294],[13.53096,52.4427],[13.53092,52.44268],[13.53142,52.44234],[13.52889,52.44095],[13.53007,52.44017],[13.53005,52.44014],[13.53021,52.44003],[13.53048,52.43992]]]}},{"type":"Feature","id":"0930","properties":{"region_id":"0930","region_name":"Treptow-Köpenick 3"},"geometry":{"type":"Polygon","coordinates":[[[13.56446,52.42693],[13.5616,52.42656],[13.56102,52.42657],[13.55579,52.42593],[13.55569,52.42594],[13.55511,52.42587],[13.55506,52.42591],[13.55445,52.42583],[13.55414,52.42573],[13.54999,52.42521],[13.5494,52.42504],[13.54772,52.4249],[13.54542,52.42483],[13.54513,52.42484],[13.54457,52.42496],[13.54359,52.42497],[13.54184,52.42506],[13.52851,52.4258],[13.52842,52.42577],[13.52825,52.42556],[13.52818,52.42556],[13.52811,52.42573],[13.52803,52.42582],[13.52797,52.42583],[13.52406,52.42604],[13.52331,52.42598],[13.52152,52.42609],[13.52046,52.42624],[13.52041,52.42605],[13.52023,52.42573],[13.51956,52.42471],[13.51961,52.42463],[13.51844,52.42291],[13.51865,52.42226],[13.51948,52.42142],[13.51991,52.42135],[13.52018,52.42103],[13.5205,52.42084],[13.52065,52.42019],[13.52085,52.41954],[13.52212,52.41843],[13.52216,52.4183],[13.52213,52.41735],[13.52222,52.41692],[13.5225,52.41625],[13.52296,52.41545],[13.52226,52.41443],[13.52259,52.41432],[13.52263,52.41415],[13.52406,52.41359],[13.5236,52.41317],[13.52323,52.41265],[13.52345,52.41242],[13.52301,52.41214],[13.52348,52.41167],[13.52293,52.41104],[13.52321,52.41081],[13.52234,52.40854],[13.52179,52.40744],[13.52167,52.40729],[13.52098,52.40668],[13.5206,52.4064],[13.52071,52.40629],[13.51905,52.40512],[13.51933,52.40494],[13.51877,52.40466],[13.51755,52.40386],[13.51665,52.40333],[13.51698,52.40284],[13.51598,52.40219],[13.516,52.40179],[13.51714,52.40155],[13.51863,52.40109],[13.5218,52.40057],[13.52282,52.40006],[13.5246,52.39938],[13.52639,52.39894],[13.52969,52.3973],[13.53369,52.39887],[13.53506,52.39926],[13.53706,52.39999],[13.53843,52.40063],[13.53821,52.39998],[13.53741,52.39885],[13.53708,52.39825],[13.53721,52.39804],[13.53631,52.39782],[13.53669,52.39721],[13.53641,52.39662],[13.53583,52.39562],[13.53537,52.39401],[13.53515,52.39351],[13.53483,52.39144],[13.53482,52.39077],[13.53549,52.38899],[13.54591,52.38872],[13.55159,52.38851],[13.55395,52.38839],[13.56084,52.38817],[13.56416,52.38814],[13.56577,52.38845],[13.56802,52.3888],[13.56929,52.38904],[13.57437,52.39012],[13.57561,52.39024],[13.57669,52.39041],[13.58166,52.39121],[13.5829,52.39146],[13.58783,52.39252],[13.59061,52.39336],[13.5927,52.39381],[13.59276,52.39378],[13.59295,52.39359],[13.59333,52.3933],[13.59359,52.39302],[13.59409,52.39255],[13.59414,52.39244],[13.59423,52.39212],[13.59399,52.39163],[13.59385,52.39084],[13.5937,52.39049],[13.59365,52.39023],[13.59368,52.38996],[13.59388,52.38968],[13.59405,52.38953],[13.59432,52.38892],[13.59467,52.38898],[13.59502,52.38894],[13.5952,52.38874],[13.59528,52.38848],[13.59525,52.38816],[13.59491,52.38756],[13.59497,52.38721],[13.59534,52.38679],[13.59612,52.38598],[13.59716,52.38574],[13.59828,52.38551],[13.59898,52.38541],[13.59926,52.38543],[13.59938,52.38541],[13.59953,52.38528],[13.59973,52.38501],[13.60032,52.38451],[13.60047,52.38432],[13.601,52.38405],[13.60138,52.38394],[13.603,52.38284],[13.60319,52.38239],[13.60346,52.38196],[13.60372,52.38167],[13.60439,52.38127],[13.60486,52.38094],[13.60543,52.38038],[13.6064,52.37912],[13.60633,52.37861],[13.60547,52.37797],[13.60651,52.37675],[13.60681,52.37603],[13.60677,52.37541],[13.60659,52.37494],[13.60582,52.37362],[13.60736,52.37398],[13.6204,52.37848],[13.62851,52.38136],[13.63322,52.37624],[13.64268,52.37751],[13.64285,52.37439],[13.64284,52.37258],[13.64253,52.37143],[13.6421,52.37081],[13.64354,52.37047],[13.64683,52.37016],[13.64674,52.36959],[13.64687,52.36895],[13.64726,52.36802],[13.64719,52.36702],[13.64694,52.36608],[13.6467,52.36576],[13.6461,52.36527],[13.64474,52.36481],[13.64374,52.36427],[13.64114,52.3631],[13.64024,52.36193],[13.63987,52.36169],[13.63909,52.36098],[13.63899,52.36064],[13.63871,52.36024],[13.63844,52.35974],[13.63847,52.35916],[13.63872,52.35875],[13.63856,52.35816],[13.6383,52.35775],[13.63823,52.35727],[13.63814,52.35709],[13.63809,52.35657],[13.63779,52.34821],[13.6367,52.34814],[13.63632,52.34682],[13.63682,52.34523],[13.63717,52.34473],[13.6387,52.34319],[13.64086,52.34188],[13.64282,52.33994],[13.6445,52.33992],[13.64468,52.33969],[13.64523,52.33915],[13.64551,52.33879],[13.64591,52.33864],[13.64744,52.33827],[13.64774,52.33825],[13.64842,52.33827],[13.64871,52.33835],[13.64885,52.33834],[13.65094,52.33895],[13.65169,52.33947],[13.65115,52.3426],[13.6518,52.34334],[13.6523,52.34385],[13.65276,52.34478],[13.65313,52.34528],[13.6533,52.34556],[13.6535,52.34573],[13.65363,52.3459],[13.65424,52.34628],[13.65488,52.34678],[13.65558,52.34722],[13.65611,52.34781],[13.65617,52.34798],[13.65595,52.34817],[13.65601,52.34848],[13.65618,52.34874],[13.65655,52.34921],[13.65677,52.34961],[13.65679,52.34975],[13.65675,52.34994],[13.65682,52.35058],[13.65698,52.35134],[13.65709,52.35161],[13.65721,52.35173],[13.65751,52.35191],[13.65789,52.35205],[13.65842,52.35214],[13.65898,52.35236],[13.65916,52.35264],[13.65897,52.35281],[13.65957,52.35331],[13.65996,52.35349],[13.66012,52.35351],[13.66088,52.35377],[13.66107,52.3539],[13.6616,52.35406],[13.66186,52.35419],[13.66202,52.35421],[13.66222,52.35442],[13.66195,52.35451],[13.66199,52.35461],[13.66219,52.35479],[13.66269,52.35508],[13.66245,52.35528],[13.6624,52.35544],[13.66238,52.3557],[13.66244,52.35586],[13.6627,52.35628],[13.66284,52.35661],[13.663,52.35689],[13.66315,52.35706],[13.66363,52.35741],[13.66417,52.35778],[13.66491,52.35813],[13.66519,52.35818],[13.66552,52.35818],[13.6662,52.35809],[13.66608,52.3583],[13.66602,52.35861],[13.66585,52.35908],[13.66575,52.35963],[13.66582,52.35984],[13.66616,52.36052],[13.66615,52.36071],[13.66621,52.36079],[13.66627,52.36102],[13.66635,52.36162],[13.66666,52.36236],[13.66718,52.36297],[13.66755,52.3633],[13.66848,52.36421],[13.66891,52.36447],[13.6699,52.36469],[13.67001,52.36477],[13.67042,52.36529],[13.67068,52.36584],[13.67092,52.36624],[13.67118,52.36648],[13.67182,52.36678],[13.6739,52.36724],[13.67396,52.36723],[13.67418,52.36733],[13.67442,52.36735],[13.67466,52.36746],[13.67542,52.36768],[13.67556,52.36776],[13.67614,52.36796],[13.67642,52.36813],[13.67661,52.36819],[13.67673,52.36832],[13.67707,52.3684],[13.67712,52.36846],[13.67724,52.36852],[13.67742,52.36857],[13.67841,52.36919],[13.67906,52.36935],[13.67921,52.36945],[13.67934,52.36946],[13.67999,52.36942],[13.6807,52.36951],[13.68103,52.36947],[13.68114,52.36956],[13.68129,52.36958],[13.68141,52.36954],[13.68215,52.36964],[13.68283,52.36951],[13.68475,52.36882],[13.68537,52.36852],[13.68668,52.36774],[13.68722,52.3673],[13.68892,52.36741],[13.68928,52.36753],[13.68953,52.36766],[13.68926,52.36785],[13.6897,52.36781],[13.68999,52.36786],[13.6906,52.36774],[13.69143,52.3674],[13.69148,52.3673],[13.69189,52.36724],[13.69202,52.36719],[13.6922,52.36721],[13.69224,52.36726],[13.69212,52.36733],[13.69143,52.36749],[13.69131,52.3676],[13.69128,52.36778],[13.69202,52.36794],[13.69308,52.36798],[13.69297,52.36834],[13.69279,52.36852],[13.69268,52.36882],[13.6927,52.36894],[13.69285,52.36918],[13.69322,52.36951],[13.6937,52.36974],[13.69393,52.36995],[13.69455,52.37029],[13.69487,52.37057],[13.69509,52.3707],[13.69548,52.37112],[13.6956,52.37121],[13.69622,52.37191],[13.69644,52.37211],[13.69704,52.37254],[13.69739,52.37306],[13.69797,52.37341],[13.69829,52.37371],[13.69871,52.37416],[13.6989,52.37449],[13.69917,52.3747],[13.69922,52.37491],[13.69996,52.37559],[13.7003,52.37635],[13.70062,52.37719],[13.70041,52.37751],[13.69942,52.37751],[13.69929,52.37774],[13.69721,52.37744],[13.69811,52.37991],[13.6985,52.38067],[13.69881,52.38112],[13.69883,52.3815],[13.69832,52.38149],[13.69517,52.38095],[13.69427,52.38128],[13.68972,52.38325],[13.68791,52.38295],[13.68731,52.38332],[13.68706,52.38388],[13.68618,52.38386],[13.68612,52.38399],[13.68657,52.38479],[13.68665,52.38503],[13.68683,52.3853],[13.68759,52.38517],[13.68802,52.38607],[13.68832,52.38581],[13.68848,52.38557],[13.68869,52.38542],[13.68887,52.38503],[13.68893,52.38503],[13.68938,52.38516],[13.68976,52.3852],[13.69061,52.3855],[13.69299,52.38706],[13.69361,52.38757],[13.69416,52.38786],[13.69468,52.38832],[13.69542,52.38888],[13.69597,52.38898],[13.69621,52.38915],[13.69682,52.38969],[13.69734,52.38992],[13.69748,52.39022],[13.6975,52.39056],[13.69761,52.39071],[13.69786,52.39096],[13.69765,52.39112],[13.69774,52.3913],[13.69798,52.39142],[13.69804,52.3916],[13.69827,52.39177],[13.69877,52.3919],[13.69901,52.39191],[13.69902,52.39179],[13.69875,52.39143],[13.69855,52.39138],[13.69842,52.39114],[13.6984,52.39075],[13.6987,52.3906],[13.69925,52.39078],[13.6996,52.39096],[13.70015,52.39115],[13.70028,52.39127],[13.70037,52.39144],[13.70054,52.39163],[13.70119,52.39225],[13.70184,52.39303],[13.70235,52.39333],[13.70259,52.39338],[13.70329,52.39326],[13.70354,52.39329],[13.70449,52.39354],[13.70545,52.39408],[13.70616,52.39483],[13.70656,52.39512],[13.70726,52.39522],[13.7076,52.39515],[13.70794,52.39513],[13.70857,52.39533],[13.70925,52.39569],[13.70939,52.39591],[13.70972,52.39622],[13.70985,52.39637],[13.70948,52.39684],[13.70919,52.39668],[13.70855,52.39657],[13.70589,52.39647],[13.7056,52.3965],[13.70548,52.39655],[13.70535,52.39653],[13.70488,52.3966],[13.70452,52.3967],[13.70422,52.39689],[13.70403,52.39696],[13.70359,52.397],[13.70349,52.39693],[13.70327,52.39703],[13.70313,52.39706],[13.70314,52.39709],[13.70277,52.3973],[13.70224,52.39769],[13.7022,52.39775],[13.70223,52.39779],[13.70192,52.39809],[13.69662,52.39566],[13.69474,52.39456],[13.69403,52.3942],[13.69333,52.39392],[13.69215,52.39354],[13.6903,52.393],[13.68636,52.39212],[13.68392,52.39151],[13.68258,52.39109],[13.68102,52.39041],[13.68041,52.39009],[13.6799,52.38974],[13.67953,52.38941],[13.67929,52.38908],[13.67911,52.38865],[13.67905,52.38827],[13.6792,52.38706],[13.67914,52.38691],[13.679,52.38677],[13.67881,52.38667],[13.67838,52.38654],[13.67312,52.3854],[13.67302,52.38534],[13.67236,52.38524],[13.67184,52.3851],[13.67159,52.38496],[13.67151,52.38485],[13.67131,52.38473],[13.67121,52.38463],[13.67115,52.3845],[13.67119,52.38436],[13.67089,52.38401],[13.67078,52.38379],[13.67042,52.38345],[13.6701,52.38288],[13.66993,52.38274],[13.66985,52.38261],[13.66972,52.3825],[13.6697,52.38226],[13.66954,52.38216],[13.66892,52.38215],[13.66754,52.38202],[13.66726,52.38195],[13.66685,52.38168],[13.66664,52.38164],[13.66622,52.38165],[13.66603,52.38169],[13.66589,52.38178],[13.65738,52.38053],[13.65718,52.3806],[13.65695,52.38094],[13.65678,52.38105],[13.65664,52.38119],[13.65616,52.38145],[13.65532,52.38153],[13.65484,52.38175],[13.64871,52.38555],[13.64863,52.38562],[13.64861,52.3857],[13.64842,52.38584],[13.64833,52.38615],[13.64635,52.39019],[13.64513,52.3926],[13.64445,52.39356],[13.64404,52.39407],[13.64269,52.39551],[13.64248,52.39569],[13.64216,52.39589],[13.64145,52.39625],[13.64079,52.39649],[13.63978,52.39676],[13.63921,52.39697],[13.62816,52.40386],[13.62777,52.40421],[13.62747,52.40465],[13.6274,52.40485],[13.62724,52.40555],[13.62702,52.40611],[13.62682,52.40676],[13.62662,52.40724],[13.62651,52.40743],[13.62615,52.40787],[13.62575,52.40825],[13.62476,52.40886],[13.62435,52.40905],[13.62403,52.40915],[13.62363,52.40923],[13.62321,52.40925],[13.61477,52.4087],[13.61439,52.4087],[13.61403,52.40875],[13.60742,52.41053],[13.60655,52.41073],[13.6055,52.41105],[13.60179,52.41274],[13.60097,52.41303],[13.6002,52.41321],[13.59939,52.41327],[13.59858,52.41327],[13.59603,52.41307],[13.5949,52.41289],[13.593,52.41245],[13.59249,52.41239],[13.59171,52.4124],[13.59087,52.41247],[13.59016,52.4126],[13.58926,52.41282],[13.58804,52.41326],[13.58731,52.4136],[13.58661,52.41397],[13.5857,52.41459],[13.58531,52.41496],[13.585,52.41534],[13.58465,52.41596],[13.58455,52.41649],[13.58456,52.41707],[13.58481,52.41802],[13.58489,52.41874],[13.58483,52.41925],[13.58464,52.41978],[13.58436,52.42022],[13.58405,52.42058],[13.5836,52.42098],[13.58276,52.42159],[13.58247,52.42188],[13.58222,52.42223],[13.58206,52.42259],[13.58198,52.42294],[13.58192,52.42344],[13.58192,52.42409],[13.58186,52.42445],[13.58168,52.42491],[13.58139,52.42536],[13.58106,52.42574],[13.5806,52.42616],[13.57999,52.42661],[13.57929,52.42703],[13.57838,52.42743],[13.57647,52.42803],[13.57584,52.42838],[13.57159,52.42793],[13.57127,52.42786],[13.56496,52.42708],[13.56446,52.42693]]]}},{"type":"Feature","id":"0940","properties":{"region_id":"0940","region_name":"Treptow-Köpenick 4"},"geometry":{"type":"Polygon","coordinates":[[[13.68328,52.42897],[13.68248,52.42912],[13.68181,52.4293],[13.68131,52.42923],[13.6808,52.42907],[13.68022,52.42902],[13.6799,52.42902],[13.6799,52.42905],[13.67953,52.42905],[13.67911,52.42914],[13.67847,52.42885],[13.67819,52.42877],[13.67747,52.42849],[13.67737,52.42849],[13.67692,52.42836],[13.67651,52.42835],[13.67587,52.42839],[13.67459,52.42859],[13.67317,52.42908],[13.6727,52.42928],[13.67226,52.42957],[13.67208,52.43005],[13.67218,52.43018],[13.67263,52.43048],[13.67281,52.43068],[13.67282,52.43079],[13.67278,52.43091],[13.6725,52.43118],[13.67242,52.43135],[13.67247,52.43144],[13.67266,52.43153],[13.67285,52.43155],[13.67319,52.43146],[13.67316,52.43143],[13.67326,52.43142],[13.67429,52.43102],[13.67481,52.43074],[13.67478,52.43072],[13.67482,52.4307],[13.67485,52.43072],[13.67528,52.43052],[13.67582,52.43049],[13.67627,52.43054],[13.67653,52.43052],[13.67668,52.43054],[13.67668,52.43058],[13.67681,52.43055],[13.67733,52.43054],[13.67733,52.43056],[13.67738,52.43056],[13.67739,52.43054],[13.67754,52.43054],[13.67754,52.43048],[13.67774,52.43048],[13.67774,52.43054],[13.67788,52.43054],[13.67788,52.4305],[13.67801,52.43051],[13.67806,52.43073],[13.67798,52.43088],[13.67755,52.4313],[13.67686,52.43208],[13.67621,52.43291],[13.67596,52.43315],[13.6754,52.4336],[13.67476,52.434],[13.67465,52.434],[13.6746,52.43395],[13.67477,52.4338],[13.67473,52.43376],[13.67482,52.43366],[13.67477,52.43363],[13.67473,52.43365],[13.67458,52.43358],[13.6746,52.43355],[13.62485,52.44438],[13.62289,52.44412],[13.62286,52.44398],[13.6227,52.44391],[13.62254,52.44387],[13.62241,52.44388],[13.622,52.44401],[13.62171,52.444],[13.62113,52.44412],[13.62089,52.44412],[13.62043,52.44392],[13.62009,52.44367],[13.61983,52.44361],[13.61948,52.44346],[13.61925,52.4434],[13.61918,52.44341],[13.61894,52.44328],[13.61851,52.44322],[13.61834,52.44316],[13.61827,52.4432],[13.6177,52.44317],[13.61705,52.44334],[13.61617,52.44383],[13.61535,52.44415],[13.61515,52.44436],[13.61485,52.44453],[13.6142,52.44466],[13.61414,52.44471],[13.61399,52.44473],[13.61388,52.44478],[13.61259,52.44507],[13.61212,52.44527],[13.61168,52.44553],[13.61166,52.44558],[13.61141,52.44568],[13.61142,52.4457],[13.61129,52.4457],[13.61062,52.44592],[13.61006,52.4463],[13.60951,52.44643],[13.60926,52.44653],[13.60897,52.44668],[13.60874,52.44684],[13.60741,52.44738],[13.60484,52.44784],[13.60423,52.44799],[13.6028,52.44859],[13.60211,52.44882],[13.60195,52.44893],[13.60165,52.44897],[13.59865,52.44905],[13.59642,52.44949],[13.5961,52.44951],[13.59309,52.44901],[13.58977,52.44897],[13.58926,52.44894],[13.58874,52.44886],[13.58856,52.44879],[13.58852,52.44883],[13.58768,52.44855],[13.58676,52.44806],[13.58661,52.4479],[13.5864,52.44776],[13.5862,52.44772],[13.58605,52.44764],[13.58602,52.4476],[13.58603,52.4475],[13.58582,52.44736],[13.58569,52.44732],[13.58566,52.4473],[13.58571,52.44727],[13.58569,52.44724],[13.58557,52.44709],[13.58554,52.447],[13.58539,52.44696],[13.58545,52.44685],[13.58545,52.44671],[13.58552,52.44666],[13.58541,52.4466],[13.58544,52.44658],[13.5852,52.44647],[13.58522,52.44644],[13.58516,52.4464],[13.58512,52.44642],[13.58456,52.44612],[13.58445,52.44617],[13.58426,52.44619],[13.5838,52.44615],[13.58399,52.44583],[13.58415,52.44567],[13.58427,52.4457],[13.58428,52.44568],[13.58418,52.44566],[13.58458,52.44546],[13.58477,52.44547],[13.58468,52.4454],[13.58487,52.44524],[13.58474,52.44519],[13.58464,52.44529],[13.58458,52.44539],[13.58411,52.4456],[13.58388,52.4458],[13.5839,52.44582],[13.58376,52.44599],[13.58372,52.44595],[13.5837,52.44598],[13.58374,52.44602],[13.58364,52.44614],[13.58284,52.44594],[13.58264,52.44584],[13.58266,52.44581],[13.58253,52.4457],[13.58262,52.44566],[13.58259,52.44565],[13.58264,52.4456],[13.58255,52.44557],[13.58254,52.44552],[13.58342,52.44514],[13.58353,52.4452],[13.58346,52.44513],[13.58401,52.44489],[13.58406,52.44493],[13.5841,52.4449],[13.58406,52.44487],[13.5844,52.44468],[13.58447,52.44472],[13.58452,52.44469],[13.58446,52.44466],[13.58477,52.44445],[13.58466,52.44438],[13.58413,52.44467],[13.58349,52.44497],[13.58232,52.44544],[13.58214,52.44549],[13.58191,52.44545],[13.58146,52.44564],[13.58119,52.4457],[13.58103,52.4457],[13.58099,52.44574],[13.58018,52.44547],[13.57918,52.44504],[13.57913,52.44508],[13.57924,52.44516],[13.58032,52.44564],[13.58025,52.44603],[13.57981,52.44668],[13.57972,52.44706],[13.57981,52.44706],[13.57972,52.44757],[13.57959,52.44767],[13.57799,52.44817],[13.57744,52.4483],[13.5757,52.44803],[13.57561,52.44807],[13.5752,52.44837],[13.57506,52.44839],[13.57451,52.44828],[13.57441,52.44821],[13.57441,52.44813],[13.57466,52.44766],[13.57467,52.44759],[13.57364,52.44629],[13.57313,52.4454],[13.57279,52.4447],[13.57264,52.44463],[13.57236,52.44459],[13.5723,52.44453],[13.57229,52.44437],[13.57139,52.44438],[13.57134,52.44433],[13.57096,52.44433],[13.57099,52.44424],[13.57096,52.44419],[13.57099,52.44419],[13.57099,52.44411],[13.5702,52.44411],[13.57023,52.44374],[13.57027,52.44363],[13.57041,52.44359],[13.57052,52.44307],[13.57048,52.44296],[13.57047,52.44254],[13.57057,52.44182],[13.57065,52.4418],[13.57074,52.44151],[13.57092,52.44114],[13.57147,52.44038],[13.57236,52.43936],[13.57246,52.43931],[13.57244,52.43921],[13.57262,52.43895],[13.57268,52.43896],[13.57274,52.43885],[13.57281,52.43885],[13.57286,52.4388],[13.57296,52.43867],[13.57302,52.43849],[13.57312,52.43835],[13.57215,52.43833],[13.57313,52.43833],[13.57315,52.43822],[13.5733,52.43807],[13.57432,52.43761],[13.57453,52.43738],[13.57463,52.43719],[13.57461,52.43686],[13.57468,52.43683],[13.57466,52.43679],[13.57462,52.43679],[13.57454,52.43662],[13.57435,52.43646],[13.57368,52.43602],[13.57293,52.43546],[13.57287,52.43545],[13.57278,52.4353],[13.57232,52.43495],[13.57216,52.43466],[13.5719,52.43436],[13.57185,52.43413],[13.57182,52.43412],[13.5718,52.43402],[13.57187,52.43396],[13.57186,52.43373],[13.57183,52.43373],[13.57187,52.43346],[13.57197,52.43323],[13.57204,52.43323],[13.57205,52.43313],[13.5721,52.43306],[13.5724,52.43307],[13.57241,52.433],[13.57209,52.43299],[13.5721,52.43271],[13.57215,52.43243],[13.57267,52.43166],[13.57286,52.43154],[13.57279,52.43153],[13.5728,52.4315],[13.5729,52.43152],[13.57364,52.43106],[13.57373,52.43106],[13.57375,52.43103],[13.5734,52.4309],[13.57347,52.43082],[13.57366,52.43088],[13.57368,52.43093],[13.57379,52.43097],[13.57395,52.42978],[13.57412,52.42901],[13.57394,52.42879],[13.57354,52.42852],[13.57329,52.42843],[13.57283,52.42833],[13.57297,52.42809],[13.57584,52.42838],[13.57647,52.42803],[13.57838,52.42743],[13.57908,52.42714],[13.5796,52.42685],[13.58017,52.42648],[13.58074,52.42604],[13.58112,52.42568],[13.58157,52.42509],[13.58183,52.42456],[13.58191,52.42415],[13.58192,52.42344],[13.58198,52.42294],[13.58206,52.42259],[13.58222,52.42223],[13.58243,52.42193],[13.58271,52.42164],[13.58367,52.42092],[13.58411,52.42052],[13.58445,52.42009],[13.5847,52.41965],[13.58484,52.41918],[13.58489,52.41874],[13.58481,52.41802],[13.58456,52.41701],[13.58454,52.41656],[13.5846,52.41613],[13.58472,52.41579],[13.58504,52.41528],[13.58543,52.41483],[13.58586,52.41447],[13.58642,52.41409],[13.58706,52.41372],[13.58783,52.41335],[13.58847,52.41309],[13.58915,52.41286],[13.58993,52.41265],[13.59056,52.41252],[13.59129,52.41243],[13.5921,52.41239],[13.59283,52.41242],[13.59515,52.41294],[13.59652,52.41312],[13.59881,52.41328],[13.59951,52.41327],[13.60032,52.4132],[13.60108,52.413],[13.60189,52.4127],[13.6055,52.41105],[13.60655,52.41073],[13.60742,52.41053],[13.61379,52.4088],[13.61415,52.40873],[13.61477,52.4087],[13.62315,52.40925],[13.62357,52.40923],[13.62398,52.40917],[13.6243,52.40907],[13.62469,52.40889],[13.62506,52.4087],[13.62575,52.40825],[13.62615,52.40787],[13.62651,52.40743],[13.62662,52.40724],[13.62682,52.40676],[13.62702,52.40611],[13.62724,52.40555],[13.6274,52.40485],[13.62747,52.40465],[13.62777,52.40421],[13.62816,52.40386],[13.63921,52.39697],[13.63978,52.39676],[13.64079,52.39649],[13.64145,52.39625],[13.64216,52.39589],[13.64248,52.39569],[13.64269,52.39551],[13.64404,52.39407],[13.64445,52.39356],[13.64513,52.3926],[13.64635,52.39019],[13.64833,52.38615],[13.64842,52.38584],[13.64861,52.3857],[13.64863,52.38562],[13.64871,52.38555],[13.65484,52.38175],[13.65532,52.38153],[13.65616,52.38145],[13.65664,52.38119],[13.65678,52.38105],[13.65695,52.38094],[13.65718,52.3806],[13.65738,52.38053],[13.66589,52.38178],[13.66603,52.38169],[13.66622,52.38165],[13.66664,52.38164],[13.66685,52.38168],[13.66726,52.38195],[13.66754,52.38202],[13.66892,52.38215],[13.66954,52.38216],[13.6697,52.38226],[13.66972,52.3825],[13.66985,52.38261],[13.66993,52.38274],[13.6701,52.38288],[13.67042,52.38345],[13.67078,52.38379],[13.67089,52.38401],[13.67119,52.38436],[13.67115,52.3845],[13.67121,52.38463],[13.67131,52.38473],[13.67151,52.38485],[13.67159,52.38496],[13.67184,52.3851],[13.67236,52.38524],[13.67302,52.38534],[13.67312,52.3854],[13.67838,52.38654],[13.67881,52.38667],[13.679,52.38677],[13.67914,52.38691],[13.6792,52.38706],[13.67905,52.38827],[13.67911,52.38865],[13.67929,52.38908],[13.67953,52.38941],[13.6799,52.38974],[13.68041,52.39009],[13.68102,52.39041],[13.68258,52.39109],[13.68392,52.39151],[13.68636,52.39212],[13.6903,52.393],[13.69215,52.39354],[13.69333,52.39392],[13.69403,52.3942],[13.69474,52.39456],[13.69662,52.39566],[13.70192,52.39809],[13.70223,52.39779],[13.7022,52.39775],[13.70224,52.39769],[13.70277,52.3973],[13.70314,52.39709],[13.70313,52.39706],[13.70327,52.39703],[13.70349,52.39693],[13.70359,52.397],[13.70403,52.39696],[13.70422,52.39689],[13.70452,52.3967],[13.70488,52.3966],[13.70535,52.39653],[13.70548,52.39655],[13.7056,52.3965],[13.70589,52.39647],[13.70855,52.39657],[13.70919,52.39668],[13.70948,52.39684],[13.70985,52.39637],[13.71018,52.39619],[13.71082,52.39661],[13.71101,52.39677],[13.71137,52.39714],[13.71175,52.39729],[13.71207,52.39753],[13.71254,52.39775],[13.71288,52.39778],[13.71325,52.39787],[13.71359,52.398],[13.71381,52.39821],[13.71405,52.39864],[13.71399,52.39868],[13.71413,52.39883],[13.71443,52.39904],[13.71515,52.39925],[13.71587,52.39969],[13.71669,52.39972],[13.71698,52.39964],[13.71742,52.39906],[13.71757,52.39893],[13.71805,52.39882],[13.71841,52.39876],[13.71878,52.39876],[13.71943,52.39889],[13.71984,52.39907],[13.72254,52.39827],[13.72279,52.39826],[13.72295,52.3983],[13.72317,52.39829],[13.72338,52.39834],[13.72368,52.39855],[13.72414,52.39868],[13.72439,52.39881],[13.72464,52.39885],[13.7249,52.3991],[13.72496,52.39926],[13.72505,52.39937],[13.72534,52.39954],[13.72544,52.3997],[13.72562,52.39957],[13.72579,52.39953],[13.72644,52.39961],[13.72707,52.39983],[13.72724,52.39995],[13.72732,52.40018],[13.72745,52.40023],[13.7276,52.40024],[13.72762,52.40019],[13.72823,52.3999],[13.72886,52.39977],[13.72901,52.39981],[13.72906,52.39992],[13.72893,52.40005],[13.72897,52.40009],[13.7292,52.40012],[13.72941,52.4002],[13.72947,52.40019],[13.72957,52.40003],[13.72958,52.39987],[13.72979,52.39972],[13.73004,52.39966],[13.73029,52.39967],[13.73084,52.39995],[13.73114,52.40001],[13.73131,52.40008],[13.73159,52.40027],[13.73182,52.40048],[13.73251,52.40094],[13.73317,52.40125],[13.73412,52.40198],[13.73427,52.40213],[13.73416,52.40306],[13.73416,52.40334],[13.73489,52.40502],[13.7354,52.40586],[13.73536,52.40598],[13.73798,52.40672],[13.73857,52.40703],[13.73903,52.40734],[13.73857,52.40773],[13.73825,52.40813],[13.73791,52.40847],[13.7377,52.40878],[13.73758,52.4091],[13.73748,52.40929],[13.73728,52.40956],[13.73717,52.40964],[13.73682,52.40985],[13.73585,52.4103],[13.73496,52.41041],[13.73461,52.41057],[13.7345,52.4107],[13.73433,52.41097],[13.73408,52.41155],[13.73393,52.41179],[13.73349,52.41227],[13.73335,52.41248],[13.73311,52.41268],[13.73252,52.41329],[13.73196,52.41381],[13.73166,52.41406],[13.73144,52.41419],[13.73106,52.41452],[13.73026,52.41535],[13.72991,52.41584],[13.72981,52.41634],[13.73005,52.41703],[13.73045,52.41779],[13.7307,52.41812],[13.73082,52.41818],[13.73075,52.4182],[13.73104,52.4186],[13.73135,52.4191],[13.73143,52.41946],[13.73142,52.41982],[13.73141,52.41975],[13.73136,52.41971],[13.73116,52.41969],[13.73102,52.41961],[13.73083,52.4196],[13.73049,52.41982],[13.73037,52.41984],[13.73027,52.41981],[13.73011,52.41961],[13.73012,52.41945],[13.7301,52.41936],[13.72992,52.41919],[13.73001,52.41895],[13.73,52.4184],[13.73007,52.41827],[13.72977,52.41794],[13.72962,52.4179],[13.72943,52.41777],[13.72881,52.41753],[13.72813,52.41744],[13.72801,52.41734],[13.72719,52.417],[13.72714,52.41695],[13.72715,52.41686],[13.72681,52.41665],[13.72659,52.41684],[13.72517,52.41636],[13.72453,52.41673],[13.72436,52.41677],[13.72389,52.41698],[13.72342,52.41733],[13.72327,52.4175],[13.72316,52.41771],[13.72296,52.41779],[13.72264,52.41799],[13.72244,52.41807],[13.72129,52.41836],[13.72125,52.41833],[13.72112,52.41838],[13.72115,52.41841],[13.7211,52.41843],[13.72104,52.4184],[13.721,52.41843],[13.72104,52.41846],[13.72094,52.41853],[13.72089,52.4185],[13.72082,52.41856],[13.72086,52.41858],[13.72067,52.41871],[13.7207,52.41872],[13.72051,52.419],[13.72052,52.4191],[13.72048,52.41937],[13.7204,52.41961],[13.72039,52.41983],[13.72015,52.42055],[13.7201,52.42081],[13.71979,52.42132],[13.71837,52.42225],[13.71768,52.42276],[13.71557,52.42482],[13.71492,52.42527],[13.7142,52.42556],[13.71355,52.4257],[13.71265,52.42576],[13.71159,52.42569],[13.7116,52.42564],[13.71157,52.42563],[13.71156,52.42569],[13.71127,52.42566],[13.71124,52.4256],[13.71118,52.42561],[13.71117,52.42558],[13.71113,52.42559],[13.71114,52.42566],[13.71102,52.42565],[13.71097,52.4256],[13.71007,52.42556],[13.70947,52.42556],[13.70928,52.4256],[13.70923,52.42557],[13.7089,52.42556],[13.70861,52.42559],[13.70858,52.42553],[13.70849,52.42553],[13.7085,52.42559],[13.7081,52.4256],[13.7081,52.42563],[13.70799,52.42564],[13.70794,52.42561],[13.70767,52.42563],[13.70756,52.42565],[13.70751,52.4257],[13.70689,52.42576],[13.70679,52.4258],[13.70649,52.42579],[13.70622,52.42586],[13.7062,52.42591],[13.7061,52.42592],[13.70604,52.42583],[13.706,52.42585],[13.70602,52.42589],[13.7059,52.42593],[13.70572,52.42596],[13.70567,52.42591],[13.70564,52.42592],[13.70568,52.42597],[13.70561,52.42602],[13.70541,52.42603],[13.70536,52.42596],[13.70533,52.42596],[13.70537,52.42603],[13.70528,52.42604],[13.70521,52.42598],[13.70518,52.42599],[13.70523,52.42607],[13.70515,52.42608],[13.70502,52.42608],[13.70497,52.426],[13.70493,52.42601],[13.70496,52.42607],[13.70449,52.42613],[13.70445,52.426],[13.70442,52.426],[13.70443,52.42613],[13.70434,52.42613],[13.70426,52.42601],[13.70424,52.42602],[13.7043,52.42615],[13.70411,52.42618],[13.70398,52.42612],[13.70389,52.42614],[13.7039,52.4262],[13.70382,52.4262],[13.7038,52.42613],[13.70365,52.42613],[13.70361,52.42614],[13.7036,52.42621],[13.70346,52.42623],[13.70336,52.42619],[13.70325,52.4262],[13.70322,52.42615],[13.70293,52.42621],[13.70294,52.42627],[13.70281,52.42629],[13.70273,52.42622],[13.70262,52.42623],[13.70259,52.42613],[13.70208,52.42618],[13.70212,52.42631],[13.70194,52.42633],[13.70181,52.42639],[13.70185,52.42647],[13.70177,52.4265],[13.70169,52.42645],[13.70129,52.42664],[13.70095,52.42686],[13.70085,52.42688],[13.70056,52.42709],[13.70027,52.42725],[13.69972,52.42765],[13.69944,52.42781],[13.69943,52.42785],[13.69908,52.42812],[13.69895,52.4282],[13.69887,52.42817],[13.69885,52.42819],[13.69892,52.42823],[13.69859,52.42849],[13.69854,52.42845],[13.69848,52.42847],[13.69854,52.42853],[13.69824,52.4287],[13.69819,52.42867],[13.69796,52.42878],[13.69801,52.42882],[13.69743,52.42905],[13.69737,52.429],[13.69733,52.42901],[13.69739,52.42906],[13.69723,52.42912],[13.69714,52.42907],[13.69697,52.42913],[13.69703,52.4292],[13.69688,52.42924],[13.69678,52.42911],[13.69653,52.42918],[13.69661,52.42929],[13.69628,52.42938],[13.69625,52.42933],[13.69622,52.42934],[13.69625,52.42938],[13.69623,52.42939],[13.69616,52.42931],[13.69613,52.42933],[13.69619,52.42939],[13.69607,52.42941],[13.69602,52.42936],[13.69599,52.42937],[13.69603,52.42942],[13.69574,52.42944],[13.69557,52.42948],[13.69554,52.42943],[13.6955,52.42943],[13.69553,52.42949],[13.69549,52.42949],[13.69544,52.42942],[13.69541,52.42943],[13.69545,52.4295],[13.6953,52.42951],[13.69527,52.42946],[13.69524,52.42946],[13.69526,52.42952],[13.69512,52.42954],[13.69509,52.42951],[13.69507,52.42951],[13.69509,52.42954],[13.69496,52.42958],[13.69491,52.4295],[13.69484,52.42952],[13.69488,52.42958],[13.69467,52.42957],[13.69464,52.42954],[13.6946,52.42955],[13.69464,52.4296],[13.69457,52.42961],[13.69448,52.42951],[13.69436,52.42954],[13.69439,52.42959],[13.69438,52.42963],[13.69429,52.42964],[13.69419,52.42958],[13.69409,52.42965],[13.69401,52.42967],[13.69395,52.42966],[13.69392,52.42959],[13.69385,52.4296],[13.69386,52.42965],[13.6937,52.42971],[13.69355,52.4297],[13.69352,52.42963],[13.69348,52.42964],[13.69351,52.4297],[13.69346,52.42971],[13.69338,52.42962],[13.69322,52.42965],[13.69325,52.42969],[13.69321,52.42971],[13.69323,52.42975],[13.69314,52.42978],[13.69312,52.42975],[13.69255,52.42983],[13.69227,52.42984],[13.69222,52.42978],[13.69218,52.42979],[13.69221,52.42983],[13.69215,52.42984],[13.69217,52.42987],[13.69214,52.42988],[13.69163,52.42989],[13.69157,52.42992],[13.69135,52.4299],[13.6913,52.4298],[13.69124,52.42984],[13.69126,52.4299],[13.69094,52.42992],[13.69032,52.4299],[13.69039,52.42988],[13.69039,52.42978],[13.69023,52.42977],[13.69025,52.4299],[13.69019,52.42989],[13.68993,52.42984],[13.68995,52.42979],[13.68989,52.42978],[13.68988,52.42983],[13.68973,52.42979],[13.68976,52.42973],[13.68971,52.42972],[13.68968,52.42978],[13.68954,52.42975],[13.68955,52.42969],[13.6894,52.42967],[13.68938,52.42972],[13.68908,52.42962],[13.68902,52.42956],[13.68801,52.42927],[13.687,52.42893],[13.686,52.42876],[13.6855,52.42876],[13.68546,52.4287],[13.68542,52.42871],[13.68546,52.42876],[13.68518,52.42878],[13.68516,52.42872],[13.68512,52.42872],[13.68513,52.42879],[13.68447,52.42885],[13.68444,52.42879],[13.6844,52.4288],[13.68442,52.42885],[13.68328,52.42897]]]}},{"type":"Feature","id":"0950","properties":{"region_id":"0950","region_name":"Treptow-Köpenick 5"},"geometry":{"type":"Polygon","coordinates":[[[13.7228,52.43683],[13.72281,52.43714],[13.72441,52.43651],[13.72551,52.43591],[13.72658,52.4354],[13.72746,52.43503],[13.72896,52.4345],[13.73143,52.4338],[13.73336,52.43348],[13.73424,52.43337],[13.7382,52.43296],[13.73828,52.43329],[13.73924,52.43319],[13.74034,52.43314],[13.74289,52.43294],[13.74331,52.43466],[13.74325,52.4347],[13.74407,52.43807],[13.75051,52.44148],[13.7563,52.44161],[13.75445,52.43668],[13.75999,52.43617],[13.76031,52.43663],[13.76095,52.43732],[13.76116,52.43771],[13.76094,52.43788],[13.75532,52.43842],[13.75639,52.44127],[13.75708,52.44296],[13.75438,52.44328],[13.75644,52.44617],[13.75539,52.446],[13.75504,52.44654],[13.75417,52.44719],[13.75349,52.44759],[13.75261,52.44787],[13.75026,52.44833],[13.7499,52.44847],[13.74925,52.44867],[13.74647,52.44894],[13.74549,52.44909],[13.74479,52.44924],[13.7433,52.44894],[13.7424,52.44904],[13.74078,52.44931],[13.73776,52.44964],[13.73647,52.44991],[13.73561,52.45026],[13.73556,52.45061],[13.73486,52.45066],[13.73435,52.45074],[13.73342,52.45055],[13.73272,52.45036],[13.73172,52.45046],[13.73143,52.45051],[13.72908,52.45078],[13.72058,52.45675],[13.71893,52.45891],[13.7176,52.46055],[13.71619,52.46249],[13.71596,52.46292],[13.71473,52.46303],[13.71381,52.46304],[13.71335,52.463],[13.71152,52.46329],[13.7057,52.46556],[13.70483,52.46602],[13.70354,52.46662],[13.70191,52.46753],[13.70126,52.46822],[13.69908,52.46828],[13.70066,52.46617],[13.7021,52.46437],[13.70256,52.46331],[13.70281,52.46224],[13.70297,52.46117],[13.70317,52.46046],[13.70336,52.46004],[13.70408,52.46],[13.70526,52.45987],[13.70548,52.45879],[13.70559,52.4577],[13.70524,52.45562],[13.70461,52.45476],[13.70315,52.45485],[13.7015,52.45486],[13.70024,52.45499],[13.69903,52.45518],[13.69835,52.45526],[13.69853,52.45561],[13.69867,52.45648],[13.69849,52.45729],[13.69769,52.4585],[13.69762,52.45976],[13.69753,52.46048],[13.69708,52.46173],[13.69649,52.4626],[13.69562,52.464],[13.69535,52.46402],[13.69543,52.46418],[13.69411,52.4644],[13.69247,52.46455],[13.69097,52.46474],[13.68983,52.46501],[13.68839,52.46502],[13.68657,52.46514],[13.68277,52.46607],[13.68016,52.46783],[13.67864,52.46924],[13.67641,52.47002],[13.67524,52.47066],[13.67338,52.47139],[13.67161,52.47228],[13.67008,52.47309],[13.66895,52.47344],[13.66756,52.47374],[13.66736,52.47385],[13.66724,52.47429],[13.66572,52.47395],[13.66463,52.47377],[13.66433,52.47369],[13.66381,52.47366],[13.66265,52.47376],[13.66151,52.47405],[13.65836,52.475],[13.65681,52.47597],[13.65606,52.47639],[13.65546,52.47665],[13.65233,52.47746],[13.64831,52.47873],[13.64728,52.47882],[13.64578,52.47887],[13.64481,52.47898],[13.64322,52.47922],[13.64257,52.47871],[13.63615,52.47615],[13.63104,52.47503],[13.62944,52.4741],[13.62818,52.47354],[13.62534,52.4737],[13.6248,52.47014],[13.62471,52.46906],[13.62513,52.46891],[13.62521,52.46875],[13.62291,52.46878],[13.62287,52.46849],[13.62261,52.46806],[13.62294,52.46792],[13.62292,52.46789],[13.6227,52.46783],[13.62268,52.46779],[13.62305,52.46742],[13.62298,52.46716],[13.62338,52.46671],[13.62306,52.46661],[13.62276,52.46645],[13.62138,52.46664],[13.62174,52.4668],[13.62196,52.46701],[13.62202,52.46757],[13.62201,52.46802],[13.62192,52.46849],[13.62102,52.4685],[13.62105,52.46954],[13.62114,52.47026],[13.62117,52.47026],[13.62117,52.47046],[13.61767,52.47108],[13.61712,52.47121],[13.61507,52.46972],[13.6135,52.47023],[13.61213,52.47052],[13.6115,52.47063],[13.61131,52.47048],[13.60815,52.47109],[13.60838,52.47285],[13.6049,52.47291],[13.60307,52.47279],[13.59991,52.47432],[13.59968,52.47447],[13.59962,52.47439],[13.59833,52.47516],[13.59733,52.47563],[13.59663,52.47606],[13.59521,52.47682],[13.59393,52.47739],[13.59156,52.47864],[13.59065,52.47905],[13.58993,52.47945],[13.58893,52.47994],[13.58634,52.48112],[13.58187,52.47997],[13.57972,52.48102],[13.57776,52.48031],[13.57512,52.47948],[13.57512,52.47944],[13.57503,52.47938],[13.57468,52.47816],[13.57444,52.47752],[13.57384,52.47697],[13.57384,52.47687],[13.57395,52.47663],[13.57393,52.47655],[13.57387,52.4765],[13.57375,52.47648],[13.57366,52.47651],[13.57343,52.47679],[13.57306,52.47666],[13.57196,52.47622],[13.57201,52.47619],[13.57152,52.47599],[13.56935,52.47514],[13.56778,52.47455],[13.56772,52.47458],[13.56705,52.47387],[13.56666,52.47379],[13.56663,52.47372],[13.56567,52.4736],[13.56513,52.47396],[13.56415,52.47367],[13.56309,52.47347],[13.56087,52.47326],[13.55964,52.47324],[13.55735,52.47329],[13.55619,52.47349],[13.55505,52.47361],[13.5526,52.47365],[13.55153,52.47362],[13.55034,52.4737],[13.54919,52.47386],[13.54799,52.47387],[13.54848,52.47331],[13.54244,52.47395],[13.5488,52.47115],[13.54913,52.47099],[13.5495,52.47074],[13.55085,52.47011],[13.55163,52.46984],[13.55202,52.46975],[13.55257,52.46965],[13.55267,52.4697],[13.55288,52.46965],[13.55292,52.46946],[13.55305,52.46943],[13.55299,52.46933],[13.55285,52.46937],[13.5528,52.46932],[13.55296,52.46925],[13.55262,52.46896],[13.55259,52.46886],[13.55265,52.46872],[13.55291,52.46839],[13.55295,52.46838],[13.55422,52.46696],[13.55431,52.46685],[13.55428,52.46684],[13.55552,52.46545],[13.55558,52.46543],[13.55565,52.4653],[13.56141,52.45885],[13.56151,52.4587],[13.56363,52.45677],[13.56271,52.45673],[13.56224,52.45663],[13.55733,52.45591],[13.55743,52.45555],[13.55726,52.45552],[13.55738,52.45475],[13.55738,52.45437],[13.55761,52.45435],[13.55771,52.45312],[13.5588,52.45322],[13.56049,52.45321],[13.56095,52.45318],[13.56199,52.45324],[13.56272,52.45344],[13.56307,52.45347],[13.5635,52.45345],[13.56406,52.45337],[13.56464,52.45323],[13.56509,52.45306],[13.56544,52.4528],[13.56563,52.4526],[13.56601,52.45213],[13.56651,52.45139],[13.56689,52.4509],[13.56727,52.45044],[13.56808,52.44959],[13.56906,52.44885],[13.56907,52.44881],[13.56911,52.44882],[13.56983,52.44845],[13.57055,52.44822],[13.5712,52.44811],[13.57143,52.44803],[13.57154,52.44796],[13.5717,52.44778],[13.57172,52.44768],[13.57169,52.44756],[13.57164,52.44746],[13.57157,52.44742],[13.57098,52.44645],[13.5708,52.44611],[13.5707,52.44576],[13.57056,52.44547],[13.57042,52.44528],[13.5704,52.44529],[13.57022,52.44497],[13.57015,52.44466],[13.57026,52.44466],[13.57027,52.44473],[13.57068,52.44473],[13.57103,52.44481],[13.5713,52.44481],[13.57129,52.44465],[13.57139,52.44456],[13.57139,52.44438],[13.57229,52.44437],[13.5723,52.44453],[13.57236,52.44459],[13.57266,52.44464],[13.5728,52.44471],[13.57313,52.4454],[13.57364,52.44629],[13.57467,52.44759],[13.57466,52.44766],[13.57441,52.44813],[13.57441,52.44821],[13.57451,52.44828],[13.57506,52.44839],[13.5752,52.44837],[13.57561,52.44807],[13.5757,52.44803],[13.57744,52.4483],[13.57799,52.44817],[13.57959,52.44767],[13.57972,52.44757],[13.57981,52.44706],[13.57972,52.44706],[13.57981,52.44668],[13.58025,52.44603],[13.58032,52.44564],[13.57924,52.44516],[13.57913,52.44508],[13.57918,52.44504],[13.58018,52.44547],[13.58099,52.44574],[13.58103,52.4457],[13.58119,52.4457],[13.58146,52.44564],[13.58191,52.44545],[13.58214,52.44549],[13.58232,52.44544],[13.58349,52.44497],[13.58413,52.44467],[13.58466,52.44438],[13.58477,52.44445],[13.58446,52.44466],[13.58452,52.44469],[13.58447,52.44472],[13.5844,52.44468],[13.58406,52.44487],[13.5841,52.4449],[13.58406,52.44493],[13.58401,52.44489],[13.58346,52.44513],[13.58353,52.4452],[13.58342,52.44514],[13.58254,52.44552],[13.58255,52.44557],[13.58264,52.4456],[13.58259,52.44565],[13.58262,52.44566],[13.58253,52.4457],[13.58266,52.44581],[13.58264,52.44584],[13.58284,52.44594],[13.58364,52.44614],[13.58374,52.44602],[13.5837,52.44598],[13.58372,52.44595],[13.58376,52.44599],[13.5839,52.44582],[13.58388,52.4458],[13.58411,52.4456],[13.58458,52.44539],[13.58464,52.44529],[13.58474,52.44519],[13.58487,52.44524],[13.58468,52.4454],[13.58477,52.44547],[13.58458,52.44546],[13.58418,52.44566],[13.58428,52.44568],[13.58427,52.4457],[13.58415,52.44567],[13.58399,52.44583],[13.5838,52.44615],[13.58426,52.44619],[13.58445,52.44617],[13.58456,52.44612],[13.58512,52.44642],[13.58516,52.4464],[13.58522,52.44644],[13.5852,52.44647],[13.58544,52.44658],[13.58541,52.4466],[13.58552,52.44666],[13.58545,52.44671],[13.58545,52.44685],[13.58539,52.44696],[13.58554,52.447],[13.58557,52.44709],[13.58569,52.44724],[13.58571,52.44727],[13.58566,52.4473],[13.58569,52.44732],[13.58582,52.44736],[13.58603,52.4475],[13.58602,52.4476],[13.58605,52.44764],[13.5862,52.44772],[13.5864,52.44776],[13.58661,52.4479],[13.58676,52.44806],[13.58768,52.44855],[13.58852,52.44883],[13.58856,52.44879],[13.58874,52.44886],[13.58926,52.44894],[13.58977,52.44897],[13.59309,52.44901],[13.5961,52.44951],[13.59642,52.44949],[13.59865,52.44905],[13.60165,52.44897],[13.60195,52.44893],[13.60211,52.44882],[13.6028,52.44859],[13.60423,52.44799],[13.60484,52.44784],[13.60741,52.44738],[13.60874,52.44684],[13.60897,52.44668],[13.60926,52.44653],[13.60951,52.44643],[13.61006,52.4463],[13.61062,52.44592],[13.61129,52.4457],[13.61142,52.4457],[13.61141,52.44568],[13.61166,52.44558],[13.61168,52.44553],[13.61212,52.44527],[13.61259,52.44507],[13.61388,52.44478],[13.61399,52.44473],[13.61414,52.44471],[13.6142,52.44466],[13.61485,52.44453],[13.61515,52.44436],[13.61535,52.44415],[13.61617,52.44383],[13.61705,52.44334],[13.6177,52.44317],[13.61827,52.4432],[13.61834,52.44316],[13.61851,52.44322],[13.61894,52.44328],[13.61918,52.44341],[13.61925,52.4434],[13.61948,52.44346],[13.61983,52.44361],[13.62009,52.44367],[13.62043,52.44392],[13.62089,52.44412],[13.62113,52.44412],[13.62171,52.444],[13.622,52.44401],[13.62241,52.44388],[13.62254,52.44387],[13.6227,52.44391],[13.62286,52.44398],[13.62289,52.44412],[13.62485,52.44438],[13.6746,52.43355],[13.67458,52.43358],[13.67473,52.43365],[13.67477,52.43363],[13.67482,52.43366],[13.67473,52.43376],[13.67477,52.4338],[13.6746,52.43395],[13.67465,52.434],[13.67476,52.434],[13.6754,52.4336],[13.67608,52.43305],[13.67686,52.43208],[13.67755,52.4313],[13.67793,52.43094],[13.67806,52.43071],[13.67801,52.43051],[13.67798,52.4305],[13.67788,52.4305],[13.67788,52.43054],[13.67774,52.43054],[13.67774,52.43048],[13.67754,52.43048],[13.67754,52.43054],[13.67739,52.43054],[13.67738,52.43056],[13.67733,52.43056],[13.67733,52.43054],[13.67681,52.43055],[13.67668,52.43058],[13.67668,52.43054],[13.67653,52.43052],[13.67627,52.43054],[13.67582,52.43049],[13.67528,52.43052],[13.67485,52.43072],[13.67482,52.4307],[13.67478,52.43072],[13.67481,52.43074],[13.67429,52.43102],[13.67326,52.43142],[13.67316,52.43143],[13.67319,52.43146],[13.67279,52.43155],[13.67261,52.43151],[13.67247,52.43144],[13.67242,52.43135],[13.67243,52.43127],[13.67274,52.43096],[13.67281,52.43085],[13.67282,52.43073],[13.67278,52.43063],[13.67269,52.43053],[13.67226,52.43024],[13.6721,52.43009],[13.67208,52.43005],[13.67212,52.42992],[13.67226,52.42957],[13.6727,52.42928],[13.67288,52.4292],[13.67459,52.42859],[13.67587,52.42839],[13.67692,52.42836],[13.67737,52.42849],[13.67752,52.4285],[13.67819,52.42877],[13.67847,52.42885],[13.67907,52.42914],[13.67953,52.42905],[13.6799,52.42905],[13.6799,52.42902],[13.68038,52.42903],[13.6808,52.42907],[13.68125,52.42921],[13.68177,52.4293],[13.68248,52.42912],[13.68328,52.42897],[13.68442,52.42885],[13.6844,52.4288],[13.68444,52.42879],[13.68447,52.42885],[13.68513,52.42879],[13.68512,52.42872],[13.68516,52.42872],[13.68518,52.42878],[13.68546,52.42876],[13.68542,52.42871],[13.68546,52.4287],[13.6855,52.42876],[13.686,52.42876],[13.687,52.42893],[13.68801,52.42927],[13.68902,52.42956],[13.68908,52.42962],[13.68938,52.42972],[13.6894,52.42967],[13.68955,52.42969],[13.68954,52.42975],[13.68968,52.42978],[13.68971,52.42972],[13.68976,52.42973],[13.68973,52.42979],[13.68988,52.42983],[13.68989,52.42978],[13.68995,52.42979],[13.68993,52.42984],[13.69007,52.42987],[13.69025,52.4299],[13.69023,52.42977],[13.69035,52.42977],[13.69039,52.42978],[13.69039,52.42988],[13.69032,52.4299],[13.69126,52.4299],[13.69124,52.42984],[13.6913,52.4298],[13.69135,52.4299],[13.69151,52.42992],[13.69163,52.42989],[13.69214,52.42988],[13.69217,52.42987],[13.69215,52.42984],[13.69221,52.42983],[13.69218,52.42979],[13.69222,52.42978],[13.69227,52.42984],[13.69255,52.42983],[13.69312,52.42975],[13.69314,52.42978],[13.69321,52.42977],[13.69321,52.42971],[13.69325,52.42969],[13.69322,52.42965],[13.69338,52.42962],[13.69346,52.42971],[13.69351,52.4297],[13.69348,52.42964],[13.69352,52.42963],[13.69355,52.4297],[13.6937,52.42971],[13.69386,52.42965],[13.69385,52.4296],[13.69392,52.42959],[13.69395,52.42966],[13.69401,52.42967],[13.69409,52.42965],[13.69419,52.42958],[13.69429,52.42964],[13.69438,52.42963],[13.69439,52.42959],[13.69436,52.42954],[13.69448,52.42951],[13.69457,52.42961],[13.69464,52.4296],[13.6946,52.42955],[13.69464,52.42954],[13.69467,52.42957],[13.69488,52.42958],[13.69484,52.42952],[13.69491,52.4295],[13.69496,52.42958],[13.69509,52.42954],[13.69507,52.42951],[13.69509,52.42951],[13.69512,52.42954],[13.69526,52.42952],[13.69524,52.42946],[13.69527,52.42946],[13.6953,52.42951],[13.69545,52.4295],[13.69541,52.42943],[13.69544,52.42942],[13.69549,52.42949],[13.69553,52.42949],[13.6955,52.42943],[13.69554,52.42943],[13.69557,52.42948],[13.69574,52.42944],[13.69603,52.42942],[13.69599,52.42937],[13.69602,52.42936],[13.69607,52.42941],[13.69619,52.42939],[13.69613,52.42933],[13.69616,52.42931],[13.69623,52.42939],[13.69625,52.42938],[13.69622,52.42934],[13.69625,52.42933],[13.69628,52.42938],[13.69661,52.42929],[13.69653,52.42918],[13.69678,52.42911],[13.69688,52.42924],[13.69698,52.42922],[13.69703,52.4292],[13.69697,52.42913],[13.69714,52.42907],[13.69723,52.42912],[13.69739,52.42906],[13.69733,52.42901],[13.69737,52.429],[13.69743,52.42905],[13.69781,52.4289],[13.69801,52.42882],[13.69796,52.42878],[13.69798,52.42877],[13.69801,52.42878],[13.69819,52.42867],[13.69824,52.4287],[13.69847,52.42857],[13.69854,52.42853],[13.69848,52.42847],[13.69854,52.42845],[13.69859,52.42849],[13.69892,52.42823],[13.69885,52.42819],[13.69887,52.42817],[13.69895,52.4282],[13.69908,52.42812],[13.69943,52.42785],[13.69944,52.42781],[13.69972,52.42765],[13.70027,52.42725],[13.70056,52.42709],[13.70085,52.42688],[13.70095,52.42686],[13.70129,52.42664],[13.70169,52.42645],[13.70177,52.4265],[13.70185,52.42647],[13.70181,52.42639],[13.70194,52.42633],[13.70212,52.42631],[13.70208,52.42618],[13.70259,52.42613],[13.70262,52.42623],[13.70273,52.42622],[13.70281,52.42629],[13.70294,52.42627],[13.70293,52.42621],[13.70322,52.42615],[13.70325,52.4262],[13.70336,52.42619],[13.70346,52.42623],[13.7036,52.42621],[13.70361,52.42614],[13.70365,52.42613],[13.7038,52.42613],[13.70382,52.4262],[13.7039,52.4262],[13.70389,52.42614],[13.70398,52.42612],[13.70411,52.42618],[13.7043,52.42615],[13.70424,52.42602],[13.70426,52.42601],[13.70434,52.42613],[13.70443,52.42613],[13.70442,52.426],[13.70445,52.426],[13.70449,52.42613],[13.70496,52.42607],[13.70493,52.42601],[13.70497,52.426],[13.70502,52.42608],[13.70515,52.42608],[13.70523,52.42607],[13.70518,52.42599],[13.70521,52.42598],[13.70528,52.42604],[13.70537,52.42603],[13.70533,52.42596],[13.70536,52.42596],[13.70541,52.42603],[13.70561,52.42602],[13.70568,52.42597],[13.70564,52.42592],[13.70567,52.42591],[13.70572,52.42596],[13.7059,52.42593],[13.70602,52.42589],[13.706,52.42585],[13.70604,52.42583],[13.7061,52.42592],[13.7062,52.42591],[13.70622,52.42586],[13.70649,52.42579],[13.70679,52.4258],[13.70689,52.42576],[13.70751,52.4257],[13.70756,52.42565],[13.70767,52.42563],[13.70794,52.42561],[13.70799,52.42564],[13.7081,52.42563],[13.7081,52.4256],[13.7085,52.42559],[13.70849,52.42553],[13.70858,52.42553],[13.70861,52.42559],[13.7089,52.42556],[13.70923,52.42557],[13.70928,52.4256],[13.70947,52.42556],[13.71007,52.42556],[13.71097,52.4256],[13.71102,52.42565],[13.71114,52.42566],[13.71113,52.42559],[13.71117,52.42558],[13.71118,52.42561],[13.71124,52.4256],[13.71127,52.42566],[13.71156,52.42569],[13.71157,52.42563],[13.7116,52.42564],[13.71159,52.42569],[13.71265,52.42576],[13.7133,52.42573],[13.7141,52.42559],[13.71442,52.42549],[13.71492,52.42527],[13.71557,52.42482],[13.71768,52.42276],[13.71837,52.42225],[13.71979,52.42132],[13.7201,52.42081],[13.72015,52.42055],[13.72039,52.41983],[13.7204,52.41961],[13.72048,52.41937],[13.72052,52.4191],[13.72051,52.419],[13.7207,52.41872],[13.72067,52.41871],[13.72086,52.41858],[13.72082,52.41856],[13.72089,52.4185],[13.72094,52.41853],[13.72104,52.41846],[13.721,52.41843],[13.72104,52.4184],[13.7211,52.41843],[13.72115,52.41841],[13.72112,52.41838],[13.72125,52.41833],[13.72129,52.41836],[13.72244,52.41807],[13.72264,52.41799],[13.72296,52.41779],[13.72316,52.41771],[13.72327,52.4175],[13.72342,52.41733],[13.72389,52.41698],[13.72436,52.41677],[13.72453,52.41673],[13.72517,52.41636],[13.72659,52.41684],[13.72681,52.41665],[13.72715,52.41686],[13.72714,52.41695],[13.72719,52.417],[13.72801,52.41734],[13.72813,52.41744],[13.72881,52.41753],[13.72943,52.41777],[13.72962,52.4179],[13.72979,52.41796],[13.72989,52.4181],[13.73007,52.41827],[13.73,52.4184],[13.73001,52.41895],[13.72992,52.41919],[13.7301,52.41936],[13.73012,52.41945],[13.73011,52.41961],[13.73027,52.41981],[13.73037,52.41984],[13.73049,52.41982],[13.73082,52.4196],[13.73102,52.41961],[13.73116,52.41969],[13.73133,52.4197],[13.7314,52.41973],[13.73142,52.41982],[13.73137,52.42],[13.73119,52.42025],[13.73107,52.42051],[13.73115,52.42053],[13.73336,52.4226],[13.73766,52.42669],[13.73808,52.42667],[13.73949,52.42642],[13.73962,52.42667],[13.74077,52.42642],[13.74128,52.42677],[13.7416,52.42806],[13.74168,52.42805],[13.74173,52.4282],[13.73894,52.42886],[13.73938,52.42952],[13.7401,52.43247],[13.73415,52.4331],[13.73239,52.43336],[13.73063,52.43373],[13.72875,52.43426],[13.72722,52.43481],[13.72632,52.43518],[13.72523,52.43571],[13.72415,52.43629],[13.7228,52.43683]]]}},{"type":"Feature","id":"1010","properties":{"region_id":"1010","region_name":"Marzahn"},"geometry":{"type":"Polygon","coordinates":[[[13.5193,52.5139],[13.52,52.51388],[13.51999,52.51373],[13.52013,52.51373],[13.52013,52.51376],[13.5204,52.51376],[13.52041,52.51387],[13.52202,52.51384],[13.52359,52.51391],[13.52442,52.51385],[13.52474,52.51379],[13.52925,52.51379],[13.53197,52.5137],[13.53284,52.51362],[13.53398,52.51362],[13.53514,52.51338],[13.53572,52.51316],[13.53652,52.51275],[13.53691,52.51247],[13.53732,52.51211],[13.53757,52.51179],[13.53773,52.51141],[13.53782,52.5111],[13.53787,52.51017],[13.53785,52.50993],[13.54392,52.50967],[13.544,52.51005],[13.54397,52.51006],[13.54416,52.51084],[13.54433,52.51086],[13.54432,52.51118],[13.54448,52.51198],[13.54449,52.51216],[13.5447,52.51315],[13.54483,52.51353],[13.54483,52.51373],[13.54499,52.51447],[13.54528,52.51572],[13.5454,52.51596],[13.54548,52.5163],[13.54557,52.51629],[13.54677,52.52173],[13.5475,52.52173],[13.54839,52.52577],[13.54862,52.52581],[13.54957,52.53014],[13.54978,52.53013],[13.55028,52.53243],[13.55012,52.53246],[13.5502,52.53283],[13.55033,52.53307],[13.55058,52.53332],[13.55083,52.53347],[13.55124,52.53362],[13.55176,52.5337],[13.55293,52.53368],[13.55299,52.53377],[13.55663,52.5339],[13.55665,52.53394],[13.55725,52.5341],[13.55746,52.53424],[13.55746,52.53421],[13.5576,52.53415],[13.558,52.53409],[13.56543,52.53436],[13.56611,52.53445],[13.56663,52.5344],[13.56668,52.53454],[13.56706,52.53508],[13.56741,52.53504],[13.56741,52.53497],[13.56869,52.53468],[13.57073,52.53439],[13.57272,52.53403],[13.57274,52.53412],[13.57313,52.53405],[13.57341,52.53407],[13.57486,52.53427],[13.57525,52.53415],[13.57594,52.53385],[13.57623,52.53369],[13.57654,52.53348],[13.57709,52.53291],[13.57743,52.53249],[13.57797,52.53216],[13.57841,52.53199],[13.57947,52.53167],[13.58059,52.53129],[13.58175,52.53084],[13.58328,52.53042],[13.58378,52.53024],[13.58393,52.53012],[13.58511,52.53042],[13.5857,52.53077],[13.58622,52.53115],[13.58639,52.53138],[13.5864,52.53148],[13.58634,52.53166],[13.58592,52.53244],[13.58592,52.5327],[13.58597,52.53286],[13.58664,52.53407],[13.5875,52.53397],[13.58664,52.5341],[13.58663,52.53459],[13.58647,52.53507],[13.58516,52.53675],[13.58477,52.53716],[13.58331,52.53851],[13.58198,52.53908],[13.58122,52.53984],[13.58125,52.53984],[13.58112,52.53994],[13.5809,52.54074],[13.58075,52.54155],[13.58071,52.54217],[13.58091,52.54297],[13.58095,52.54304],[13.58172,52.54385],[13.58244,52.54444],[13.58286,52.54507],[13.58298,52.54541],[13.58358,52.54624],[13.58402,52.54665],[13.58431,52.54701],[13.58476,52.54789],[13.58536,52.54858],[13.58616,52.54944],[13.58625,52.54959],[13.5863,52.54983],[13.58648,52.55018],[13.58661,52.55055],[13.58693,52.55118],[13.58693,52.55167],[13.58695,52.55174],[13.58718,52.55205],[13.5873,52.55226],[13.58746,52.55243],[13.58754,52.55257],[13.58765,52.55291],[13.58768,52.55313],[13.58778,52.55341],[13.58778,52.55361],[13.58771,52.55388],[13.58775,52.55409],[13.58772,52.5543],[13.58775,52.55459],[13.58773,52.55489],[13.5877,52.55509],[13.58764,52.55522],[13.5876,52.55562],[13.5875,52.55582],[13.58749,52.55594],[13.58735,52.55621],[13.58689,52.55672],[13.58668,52.55717],[13.58663,52.55741],[13.58648,52.55769],[13.58563,52.55848],[13.58504,52.55892],[13.58489,52.55908],[13.58471,52.55931],[13.58443,52.55986],[13.58445,52.56025],[13.58443,52.56057],[13.58433,52.56126],[13.58383,52.56261],[13.58381,52.56302],[13.58387,52.56343],[13.58393,52.56361],[13.58393,52.56376],[13.58387,52.56393],[13.58338,52.56468],[13.58317,52.56521],[13.58317,52.56535],[13.58323,52.56558],[13.58311,52.56598],[13.58319,52.56628],[13.58343,52.56678],[13.58342,52.56741],[13.58335,52.56775],[13.58315,52.56808],[13.58315,52.56817],[13.58309,52.56822],[13.5831,52.56828],[13.58291,52.56854],[13.58295,52.56858],[13.58282,52.56884],[13.58256,52.5692],[13.58242,52.56953],[13.58224,52.56981],[13.5822,52.56996],[13.58209,52.5701],[13.58209,52.57017],[13.58195,52.57035],[13.58175,52.57074],[13.5816,52.57089],[13.58154,52.57111],[13.57789,52.57113],[13.57764,52.57152],[13.57697,52.5729],[13.57497,52.57383],[13.57469,52.57378],[13.57469,52.57384],[13.57141,52.57324],[13.56908,52.57337],[13.56916,52.57308],[13.56857,52.5731],[13.5685,52.5734],[13.56827,52.57379],[13.5677,52.57451],[13.56727,52.57404],[13.56675,52.57361],[13.5666,52.57333],[13.56614,52.57301],[13.56655,52.57316],[13.56646,52.57293],[13.56441,52.5722],[13.56061,52.57125],[13.55586,52.57016],[13.55587,52.57014],[13.54963,52.56867],[13.54962,52.56869],[13.54563,52.56777],[13.54458,52.56691],[13.54392,52.56662],[13.54243,52.56617],[13.54188,52.5661],[13.5419,52.56609],[13.54186,52.56606],[13.54117,52.566],[13.54104,52.56593],[13.54033,52.56534],[13.53593,52.5619],[13.53395,52.56039],[13.52919,52.55742],[13.52549,52.55543],[13.52554,52.55538],[13.52536,52.55532],[13.5259,52.55455],[13.52596,52.55457],[13.52599,52.55453],[13.52592,52.55451],[13.52623,52.55404],[13.52631,52.55399],[13.52693,52.55284],[13.52718,52.55229],[13.52724,52.55227],[13.52722,52.55217],[13.52775,52.55083],[13.52796,52.55022],[13.52789,52.55016],[13.52819,52.54944],[13.52824,52.54945],[13.52827,52.54939],[13.52822,52.54938],[13.52866,52.54824],[13.52884,52.54763],[13.52888,52.54761],[13.5295,52.54597],[13.53001,52.54447],[13.53045,52.54355],[13.53057,52.54353],[13.53063,52.54294],[13.5306,52.54292],[13.53099,52.54174],[13.53136,52.54098],[13.5319,52.53953],[13.53226,52.53931],[13.53158,52.53917],[13.53169,52.53897],[13.53129,52.53889],[13.53143,52.53891],[13.5315,52.53886],[13.53159,52.5386],[13.53076,52.53841],[13.5306,52.53846],[13.52879,52.53799],[13.52784,52.5378],[13.52542,52.53701],[13.5254,52.53703],[13.52458,52.53672],[13.52371,52.53644],[13.52307,52.53627],[13.52239,52.53613],[13.52155,52.53601],[13.51916,52.53582],[13.51925,52.53571],[13.51688,52.53554],[13.51699,52.53541],[13.51712,52.5354],[13.51727,52.5352],[13.51716,52.53519],[13.51821,52.53376],[13.51852,52.53316],[13.5187,52.53259],[13.51871,52.53253],[13.51867,52.53248],[13.51878,52.53135],[13.51883,52.53133],[13.51886,52.53118],[13.51883,52.53104],[13.51908,52.52823],[13.51915,52.52712],[13.51912,52.52709],[13.51912,52.52612],[13.51929,52.52581],[13.51941,52.52456],[13.51944,52.52384],[13.5192,52.5209],[13.51916,52.52089],[13.51908,52.51965],[13.51912,52.51965],[13.51896,52.51844],[13.51874,52.51444],[13.5186,52.51454],[13.51855,52.51391],[13.51875,52.51391],[13.51876,52.51403],[13.51931,52.51403],[13.5193,52.5139]]]}},{"type":"Feature","id":"1020","properties":{"region_id":"1020","region_name":"Hellersdorf"},"geometry":{"type":"Polygon","coordinates":[[[13.59934,52.52889],[13.59931,52.52881],[13.60076,52.52869],[13.60082,52.52884],[13.6124,52.52712],[13.61506,52.52842],[13.61562,52.52794],[13.6176,52.52747],[13.61914,52.52667],[13.6208,52.52746],[13.62136,52.52702],[13.62527,52.52929],[13.62573,52.52912],[13.62612,52.52951],[13.62583,52.52962],[13.62481,52.53358],[13.62574,52.53404],[13.62482,52.53811],[13.62513,52.53793],[13.62574,52.53778],[13.62754,52.53749],[13.62822,52.53757],[13.62851,52.5377],[13.62886,52.53798],[13.63058,52.53762],[13.63089,52.53779],[13.63161,52.538],[13.6328,52.53779],[13.63309,52.5378],[13.63312,52.53787],[13.63395,52.53765],[13.63416,52.53803],[13.6344,52.53797],[13.63438,52.53794],[13.63455,52.53793],[13.63475,52.53826],[13.6349,52.53822],[13.63765,52.54092],[13.63737,52.54225],[13.63646,52.54224],[13.63545,52.5423],[13.6344,52.54282],[13.6261,52.54359],[13.61871,52.54421],[13.58741,52.54945],[13.58655,52.54976],[13.58638,52.54978],[13.58639,52.54995],[13.5863,52.54983],[13.58625,52.54959],[13.58616,52.54944],[13.58536,52.54858],[13.58476,52.54789],[13.58431,52.54701],[13.58402,52.54665],[13.58358,52.54624],[13.58298,52.54541],[13.58286,52.54507],[13.58244,52.54444],[13.58172,52.54385],[13.58095,52.54304],[13.58091,52.54297],[13.58071,52.54217],[13.58075,52.54155],[13.5809,52.54074],[13.58112,52.53994],[13.58125,52.53984],[13.58122,52.53984],[13.58198,52.53908],[13.58331,52.53851],[13.58477,52.53716],[13.58516,52.53675],[13.58647,52.53507],[13.58663,52.53459],[13.58664,52.5341],[13.5875,52.53395],[13.58664,52.53407],[13.58597,52.53286],[13.58592,52.5327],[13.58592,52.53244],[13.58634,52.53166],[13.5864,52.53148],[13.58639,52.53138],[13.5862,52.53113],[13.5857,52.53077],[13.58511,52.53042],[13.58415,52.53016],[13.58391,52.53],[13.58381,52.52998],[13.58149,52.52819],[13.58133,52.52802],[13.57803,52.52587],[13.57778,52.52563],[13.57756,52.52508],[13.57751,52.52508],[13.57693,52.52348],[13.57705,52.52239],[13.57687,52.52118],[13.57646,52.51969],[13.57657,52.51969],[13.57652,52.5191],[13.57642,52.51884],[13.576,52.51846],[13.57589,52.5183],[13.57558,52.51728],[13.57563,52.517],[13.5756,52.51678],[13.57468,52.51473],[13.57459,52.51466],[13.57411,52.51361],[13.57398,52.51342],[13.574,52.51341],[13.57373,52.51308],[13.5735,52.51289],[13.57636,52.5128],[13.57645,52.51302],[13.57684,52.51302],[13.57683,52.51281],[13.57842,52.51273],[13.57943,52.51262],[13.57979,52.51284],[13.58062,52.51323],[13.58049,52.51323],[13.59017,52.51778],[13.59048,52.5173],[13.59437,52.51799],[13.59442,52.51808],[13.59467,52.51825],[13.5947,52.51831],[13.59829,52.52896],[13.59934,52.52889]]]}},{"type":"Feature","id":"1030","properties":{"region_id":"1030","region_name":"Biesdorf"},"geometry":{"type":"Polygon","coordinates":[[[13.5526,52.47365],[13.55505,52.47361],[13.55619,52.47349],[13.55735,52.47329],[13.55964,52.47324],[13.56087,52.47326],[13.56309,52.47347],[13.56415,52.47367],[13.56513,52.47396],[13.56567,52.4736],[13.56663,52.47372],[13.56666,52.47379],[13.56705,52.47387],[13.56772,52.47458],[13.56764,52.47463],[13.56781,52.47492],[13.56782,52.47516],[13.56755,52.47622],[13.56743,52.47645],[13.56728,52.47663],[13.56704,52.47687],[13.56675,52.47707],[13.56425,52.47843],[13.56399,52.47861],[13.56369,52.47885],[13.56348,52.47909],[13.5633,52.47943],[13.56325,52.4797],[13.56308,52.4797],[13.56307,52.47972],[13.56306,52.47979],[13.5633,52.47984],[13.5633,52.48023],[13.56324,52.48031],[13.56327,52.48073],[13.56319,52.48155],[13.56315,52.48163],[13.56321,52.48183],[13.56318,52.48186],[13.56336,52.48228],[13.56335,52.48241],[13.56349,52.48305],[13.56346,52.48336],[13.56349,52.48391],[13.56347,52.48408],[13.5635,52.48431],[13.56346,52.48448],[13.56372,52.48471],[13.56437,52.48514],[13.56569,52.4868],[13.5659,52.48714],[13.56606,52.48749],[13.56662,52.4893],[13.56676,52.48955],[13.56747,52.49018],[13.56776,52.49054],[13.56833,52.49151],[13.56854,52.49171],[13.56877,52.49184],[13.56895,52.49201],[13.56904,52.49216],[13.56907,52.49245],[13.56921,52.49271],[13.56942,52.49268],[13.5695,52.49294],[13.56934,52.49296],[13.56947,52.49325],[13.56942,52.49352],[13.56919,52.49379],[13.56862,52.49413],[13.56842,52.49431],[13.56824,52.49474],[13.56806,52.49572],[13.56808,52.49582],[13.56889,52.49746],[13.56872,52.4975],[13.5691,52.49816],[13.56945,52.49852],[13.56991,52.49882],[13.57017,52.49896],[13.57098,52.49925],[13.57125,52.49939],[13.57154,52.49961],[13.57196,52.50012],[13.57216,52.50026],[13.57239,52.50037],[13.57295,52.50049],[13.57339,52.50049],[13.57347,52.50049],[13.5735,52.50043],[13.57396,52.50042],[13.57396,52.50046],[13.57662,52.5006],[13.57662,52.50066],[13.57704,52.5008],[13.57731,52.50094],[13.57767,52.50125],[13.57805,52.50185],[13.57833,52.50218],[13.57848,52.50241],[13.57861,52.50276],[13.5787,52.50359],[13.57876,52.50378],[13.57891,52.50395],[13.57948,52.50437],[13.57963,52.50461],[13.57966,52.50476],[13.57954,52.50503],[13.57946,52.50503],[13.57929,52.50578],[13.57868,52.50661],[13.57783,52.5072],[13.57749,52.50758],[13.57681,52.50821],[13.57547,52.50895],[13.57493,52.50949],[13.57439,52.50992],[13.57391,52.51023],[13.57363,52.5114],[13.57363,52.51187],[13.57339,52.51242],[13.57344,52.51277],[13.57351,52.51291],[13.57373,52.51308],[13.574,52.51341],[13.57398,52.51342],[13.57411,52.51361],[13.57459,52.51466],[13.57468,52.51473],[13.5756,52.51678],[13.57563,52.517],[13.57558,52.51728],[13.57589,52.5183],[13.576,52.51846],[13.57642,52.51884],[13.57652,52.5191],[13.57657,52.51969],[13.57646,52.51969],[13.57687,52.52118],[13.57705,52.52239],[13.57693,52.52348],[13.57751,52.52508],[13.57756,52.52508],[13.57778,52.52563],[13.57803,52.52587],[13.58133,52.52802],[13.58149,52.52819],[13.58381,52.52998],[13.58391,52.53],[13.58415,52.53016],[13.58405,52.53016],[13.58393,52.53012],[13.58378,52.53024],[13.58328,52.53042],[13.58175,52.53084],[13.58059,52.53129],[13.57947,52.53167],[13.57841,52.53199],[13.57797,52.53216],[13.57743,52.53249],[13.57709,52.53291],[13.57654,52.53348],[13.57623,52.53369],[13.57594,52.53385],[13.57525,52.53415],[13.57486,52.53427],[13.57341,52.53407],[13.57313,52.53405],[13.57274,52.53412],[13.57272,52.53403],[13.57073,52.53439],[13.56869,52.53468],[13.56741,52.53497],[13.56741,52.53504],[13.56706,52.53508],[13.56668,52.53454],[13.56663,52.5344],[13.56611,52.53445],[13.56543,52.53436],[13.558,52.53409],[13.5576,52.53415],[13.55746,52.53421],[13.55746,52.53424],[13.55725,52.5341],[13.55665,52.53394],[13.55663,52.5339],[13.55299,52.53377],[13.55293,52.53368],[13.55172,52.53369],[13.55129,52.53363],[13.55096,52.53352],[13.55068,52.53339],[13.55049,52.53325],[13.5503,52.53303],[13.55019,52.53279],[13.55012,52.53246],[13.55028,52.53243],[13.54978,52.53013],[13.54957,52.53014],[13.54862,52.52581],[13.54839,52.52577],[13.5475,52.52173],[13.54677,52.52173],[13.54557,52.51629],[13.54548,52.5163],[13.5454,52.51596],[13.54528,52.51572],[13.54499,52.51447],[13.54483,52.51373],[13.54483,52.51353],[13.5447,52.51315],[13.54449,52.51216],[13.54448,52.51198],[13.54432,52.51118],[13.54433,52.51086],[13.54416,52.51084],[13.54397,52.51006],[13.544,52.51005],[13.54392,52.50967],[13.53621,52.50999],[13.53629,52.50794],[13.53612,52.5079],[13.53629,52.50641],[13.53602,52.506],[13.5352,52.50555],[13.53949,52.49854],[13.54214,52.49825],[13.5434,52.49696],[13.54408,52.49621],[13.54381,52.49593],[13.54392,52.4957],[13.54445,52.49548],[13.54451,52.495],[13.54454,52.495],[13.54484,52.49329],[13.54476,52.49321],[13.54485,52.49321],[13.54625,52.49177],[13.54783,52.4891],[13.55014,52.48549],[13.55021,52.48519],[13.54989,52.48445],[13.5491,52.48374],[13.54828,52.48248],[13.54792,52.48251],[13.54788,52.47978],[13.54845,52.47978],[13.55086,52.47702],[13.55205,52.47375],[13.5526,52.47365]]]}},{"type":"Feature","id":"1040","properties":{"region_id":"1040","region_name":"Kaulsdorf/Mahlsdorf"},"geometry":{"type":"Polygon","coordinates":[[[13.57363,52.47653],[13.57372,52.47648],[13.57381,52.47648],[13.57393,52.47655],[13.57395,52.47664],[13.57384,52.47687],[13.57384,52.47697],[13.57444,52.47752],[13.57468,52.47816],[13.57503,52.47938],[13.57512,52.47944],[13.57512,52.47948],[13.57776,52.48031],[13.57972,52.48102],[13.58187,52.47997],[13.58634,52.48112],[13.58893,52.47994],[13.58993,52.47945],[13.59065,52.47905],[13.59156,52.47864],[13.59393,52.47739],[13.59521,52.47682],[13.59663,52.47606],[13.59733,52.47563],[13.59833,52.47516],[13.59962,52.47439],[13.59968,52.47447],[13.59991,52.47432],[13.60307,52.47279],[13.6049,52.47291],[13.60838,52.47285],[13.60815,52.47109],[13.61131,52.47048],[13.6115,52.47063],[13.61137,52.47065],[13.61649,52.47483],[13.61545,52.4753],[13.61355,52.47562],[13.61489,52.48076],[13.62972,52.49304],[13.62744,52.49332],[13.62584,52.4936],[13.62401,52.4942],[13.62445,52.49505],[13.62576,52.49706],[13.62633,52.49811],[13.62677,52.49907],[13.62706,52.49989],[13.62809,52.50341],[13.6289,52.50556],[13.62951,52.50672],[13.63213,52.51042],[13.63267,52.51113],[13.63314,52.51171],[13.63418,52.51285],[13.63548,52.51393],[13.63578,52.51422],[13.6371,52.51513],[13.63964,52.51668],[13.64141,52.51791],[13.64246,52.51855],[13.64701,52.52065],[13.65535,52.52407],[13.65601,52.52444],[13.6585,52.52595],[13.65841,52.52609],[13.65822,52.52624],[13.65809,52.52638],[13.65803,52.52653],[13.65798,52.5268],[13.65778,52.5273],[13.65756,52.52775],[13.65691,52.52984],[13.65465,52.52982],[13.65313,52.52977],[13.65144,52.52982],[13.64854,52.52964],[13.64778,52.52965],[13.64625,52.52968],[13.64368,52.52989],[13.64168,52.53032],[13.64063,52.53042],[13.63679,52.53051],[13.63441,52.53048],[13.63156,52.53057],[13.62678,52.53017],[13.62674,52.53013],[13.62601,52.5304],[13.62569,52.53018],[13.62583,52.52962],[13.62612,52.52951],[13.62573,52.52912],[13.62527,52.52929],[13.62136,52.52702],[13.6208,52.52746],[13.61914,52.52667],[13.6176,52.52747],[13.61562,52.52794],[13.61506,52.52842],[13.6124,52.52712],[13.60082,52.52884],[13.60076,52.52869],[13.59931,52.52881],[13.59934,52.52889],[13.59829,52.52896],[13.5947,52.51831],[13.59467,52.51825],[13.59442,52.51808],[13.59437,52.51799],[13.59048,52.5173],[13.59017,52.51778],[13.58049,52.51323],[13.58062,52.51323],[13.57979,52.51284],[13.57943,52.51262],[13.57842,52.51273],[13.57683,52.51281],[13.57684,52.51302],[13.57645,52.51302],[13.57636,52.5128],[13.5735,52.51289],[13.57344,52.51277],[13.57339,52.51242],[13.57363,52.51187],[13.57363,52.5114],[13.57391,52.51023],[13.57439,52.50992],[13.57493,52.50949],[13.57547,52.50895],[13.57681,52.50821],[13.57749,52.50758],[13.57783,52.5072],[13.57868,52.50661],[13.57929,52.50578],[13.57946,52.50503],[13.57954,52.50503],[13.57966,52.50476],[13.57963,52.50461],[13.57948,52.50437],[13.57891,52.50395],[13.57876,52.50378],[13.5787,52.50359],[13.57861,52.50276],[13.57848,52.50241],[13.57833,52.50218],[13.57805,52.50185],[13.57767,52.50125],[13.57731,52.50094],[13.57704,52.5008],[13.57662,52.50066],[13.57662,52.5006],[13.57396,52.50046],[13.57396,52.50042],[13.5735,52.50043],[13.57347,52.50049],[13.57339,52.50049],[13.57295,52.50049],[13.57239,52.50037],[13.57216,52.50026],[13.57196,52.50012],[13.57157,52.49964],[13.57137,52.49946],[13.57098,52.49925],[13.57017,52.49896],[13.56979,52.49875],[13.56935,52.49843],[13.56903,52.49807],[13.56872,52.4975],[13.56889,52.49746],[13.56808,52.49582],[13.56806,52.49572],[13.56824,52.49474],[13.56842,52.49431],[13.56862,52.49413],[13.56919,52.49379],[13.56942,52.49352],[13.56947,52.49325],[13.56934,52.49296],[13.5695,52.49294],[13.56942,52.49268],[13.56921,52.49271],[13.56907,52.49245],[13.56904,52.49216],[13.56895,52.49201],[13.56877,52.49184],[13.56854,52.49171],[13.56833,52.49151],[13.56776,52.49054],[13.56747,52.49018],[13.56676,52.48955],[13.56662,52.4893],[13.56606,52.48749],[13.5659,52.48714],[13.56569,52.4868],[13.56437,52.48514],[13.56372,52.48471],[13.56346,52.48449],[13.5635,52.48431],[13.56347,52.48408],[13.56349,52.48391],[13.56346,52.48336],[13.56349,52.48305],[13.56335,52.48241],[13.56336,52.48228],[13.56318,52.48186],[13.56321,52.48183],[13.56315,52.48163],[13.56319,52.48155],[13.56327,52.48073],[13.56324,52.48031],[13.5633,52.48023],[13.5633,52.47984],[13.56306,52.47979],[13.56308,52.4797],[13.56325,52.4797],[13.5633,52.47943],[13.56348,52.47909],[13.56369,52.47885],[13.56399,52.47861],[13.56425,52.47843],[13.56675,52.47707],[13.56704,52.47687],[13.56728,52.47663],[13.56743,52.47645],[13.56755,52.47622],[13.56777,52.47535],[13.56782,52.4751],[13.56782,52.47495],[13.56764,52.47463],[13.56778,52.47455],[13.57152,52.47599],[13.57201,52.47619],[13.57196,52.47622],[13.57343,52.47679],[13.57363,52.47653]]]}},{"type":"Feature","id":"1110","properties":{"region_id":"1110","region_name":"Hohenschönhausen Nord"},"geometry":{"type":"Polygon","coordinates":[[[13.48759,52.56922],[13.48359,52.56612],[13.48415,52.56603],[13.48411,52.56597],[13.48408,52.5655],[13.48403,52.56536],[13.48396,52.5653],[13.48367,52.56443],[13.49411,52.56323],[13.4994,52.56257],[13.50205,52.562],[13.50215,52.56204],[13.50443,52.56129],[13.51577,52.55817],[13.51961,52.55725],[13.52423,52.55603],[13.52436,52.55588],[13.52448,52.55581],[13.52472,52.55547],[13.52482,52.55551],[13.52495,52.55531],[13.52541,52.55551],[13.52549,52.55543],[13.52561,52.55548],[13.52919,52.55742],[13.53395,52.56039],[13.53593,52.5619],[13.54033,52.56534],[13.54104,52.56593],[13.54117,52.566],[13.54186,52.56606],[13.5419,52.56609],[13.54188,52.5661],[13.54243,52.56617],[13.54392,52.56662],[13.54458,52.56691],[13.54563,52.56777],[13.54962,52.56869],[13.54963,52.56867],[13.55587,52.57014],[13.55586,52.57016],[13.56061,52.57125],[13.56441,52.5722],[13.56646,52.57293],[13.56655,52.57316],[13.56614,52.57301],[13.5666,52.57333],[13.56675,52.57361],[13.56727,52.57404],[13.5677,52.57451],[13.5669,52.57547],[13.5665,52.57617],[13.56521,52.57736],[13.56452,52.5782],[13.56333,52.5791],[13.56186,52.58039],[13.5613,52.58071],[13.56056,52.58125],[13.55978,52.58174],[13.55689,52.58335],[13.55688,52.58338],[13.55579,52.58392],[13.55547,52.58415],[13.55419,52.58469],[13.55329,52.58513],[13.55171,52.58584],[13.54991,52.58656],[13.54699,52.58764],[13.54713,52.58785],[13.54167,52.58915],[13.53401,52.59086],[13.52769,52.59223],[13.52718,52.59223],[13.52288,52.59275],[13.50812,52.59214],[13.50518,52.59646],[13.48896,52.59005],[13.4884,52.58978],[13.48695,52.58884],[13.4864,52.58839],[13.486,52.58801],[13.48531,52.58713],[13.48531,52.58703],[13.48465,52.58562],[13.48433,52.58564],[13.48357,52.58408],[13.48197,52.584],[13.48161,52.58332],[13.48048,52.58353],[13.48028,52.58293],[13.48001,52.58225],[13.47982,52.58159],[13.47972,52.58107],[13.47972,52.58078],[13.47977,52.58056],[13.47976,52.58035],[13.47969,52.58009],[13.47974,52.5796],[13.47994,52.5792],[13.48008,52.57861],[13.48004,52.5786],[13.4802,52.57791],[13.48025,52.57792],[13.48027,52.57784],[13.4804,52.57785],[13.48042,52.5778],[13.48051,52.57778],[13.48052,52.5777],[13.48015,52.57774],[13.47999,52.57769],[13.47991,52.57542],[13.47982,52.57543],[13.47975,52.57515],[13.48008,52.57514],[13.48008,52.57502],[13.47979,52.57451],[13.47963,52.57378],[13.47967,52.57378],[13.47962,52.57353],[13.47989,52.57351],[13.47986,52.57332],[13.47958,52.57334],[13.47946,52.57269],[13.48028,52.57261],[13.48133,52.5726],[13.48203,52.57249],[13.48236,52.57252],[13.4828,52.57263],[13.48283,52.57238],[13.4828,52.57216],[13.4827,52.57182],[13.4826,52.57164],[13.48759,52.56922]]]}},{"type":"Feature","id":"1120","properties":{"region_id":"1120","region_name":"Hohenschönhausen Süd"},"geometry":{"type":"Polygon","coordinates":[[[13.48512,52.53386],[13.48703,52.534],[13.48704,52.53397],[13.48723,52.53398],[13.48721,52.53399],[13.49544,52.53445],[13.49544,52.5345],[13.49551,52.5345],[13.49576,52.53451],[13.49596,52.53445],[13.49879,52.53453],[13.50465,52.53487],[13.50565,52.53495],[13.50564,52.53478],[13.50583,52.53479],[13.51925,52.53571],[13.51916,52.53582],[13.52155,52.53601],[13.52239,52.53613],[13.52307,52.53627],[13.52371,52.53644],[13.52458,52.53672],[13.5254,52.53703],[13.52542,52.53701],[13.52784,52.5378],[13.52879,52.53799],[13.5306,52.53846],[13.53076,52.53841],[13.53159,52.5386],[13.5315,52.53886],[13.53143,52.53891],[13.53129,52.53889],[13.53169,52.53897],[13.53158,52.53917],[13.53226,52.53931],[13.5319,52.53953],[13.53136,52.54098],[13.53099,52.54174],[13.5306,52.54292],[13.53063,52.54294],[13.53057,52.54353],[13.53045,52.54355],[13.53001,52.54447],[13.5295,52.54597],[13.52888,52.54761],[13.52884,52.54763],[13.52866,52.54824],[13.52822,52.54938],[13.52827,52.54939],[13.52824,52.54945],[13.52819,52.54944],[13.52789,52.55016],[13.52796,52.55022],[13.52775,52.55083],[13.52722,52.55217],[13.52724,52.55227],[13.52718,52.55229],[13.52693,52.55284],[13.52631,52.55399],[13.52623,52.55404],[13.52592,52.55451],[13.52599,52.55453],[13.52596,52.55457],[13.5259,52.55455],[13.52536,52.55532],[13.52554,52.55538],[13.52541,52.55551],[13.52495,52.55531],[13.52482,52.55551],[13.52472,52.55547],[13.52448,52.55581],[13.52436,52.55588],[13.52423,52.55603],[13.51961,52.55725],[13.51577,52.55817],[13.50443,52.56129],[13.50215,52.56204],[13.50205,52.562],[13.4994,52.56257],[13.49411,52.56323],[13.48607,52.56415],[13.4856,52.56242],[13.48532,52.56227],[13.48519,52.5618],[13.4854,52.56155],[13.48632,52.56146],[13.48729,52.56129],[13.48997,52.56048],[13.49055,52.56024],[13.49085,52.56008],[13.4913,52.55979],[13.49167,52.55945],[13.49468,52.55634],[13.49491,52.55608],[13.49528,52.55556],[13.49553,52.555],[13.49561,52.55471],[13.49568,52.55413],[13.49564,52.55361],[13.49544,52.553],[13.49443,52.55078],[13.49035,52.55169],[13.48612,52.5524],[13.4858,52.55218],[13.48568,52.5522],[13.48222,52.54965],[13.48197,52.54955],[13.48169,52.54949],[13.48037,52.54945],[13.48037,52.54955],[13.48025,52.5496],[13.48008,52.54947],[13.47975,52.54962],[13.47934,52.5493],[13.47977,52.5491],[13.47988,52.54885],[13.48011,52.5485],[13.48046,52.54812],[13.47965,52.54755],[13.46993,52.54774],[13.46954,52.54778],[13.46853,52.54823],[13.46846,52.54818],[13.46842,52.54823],[13.46736,52.54832],[13.46702,52.54807],[13.46976,52.54069],[13.46989,52.5403],[13.46987,52.54028],[13.4714,52.53807],[13.47132,52.53807],[13.47334,52.53595],[13.47427,52.53489],[13.47477,52.53428],[13.47512,52.53373],[13.47561,52.53318],[13.47557,52.53312],[13.47579,52.53317],[13.47634,52.53337],[13.47711,52.53342],[13.47713,52.53334],[13.47717,52.53332],[13.48468,52.53376],[13.48513,52.53379],[13.48512,52.53386]]]}},{"type":"Feature","id":"1130","properties":{"region_id":"1130","region_name":"Lichtenberg Nord"},"geometry":{"type":"Polygon","coordinates":[[[13.48512,52.53386],[13.48513,52.53379],[13.48468,52.53376],[13.47717,52.53332],[13.47713,52.53334],[13.47711,52.53342],[13.47634,52.53337],[13.47579,52.53317],[13.47557,52.53312],[13.47561,52.53318],[13.47512,52.53373],[13.47477,52.53428],[13.47427,52.53489],[13.47334,52.53595],[13.47132,52.53807],[13.4714,52.53807],[13.46987,52.54028],[13.46989,52.5403],[13.46984,52.54046],[13.46731,52.5385],[13.46752,52.5384],[13.46753,52.53846],[13.46765,52.53845],[13.46638,52.53666],[13.46687,52.53644],[13.46751,52.53627],[13.46779,52.53614],[13.46841,52.53526],[13.46874,52.53471],[13.46735,52.53409],[13.46738,52.53406],[13.46731,52.53403],[13.46719,52.53408],[13.46702,52.53403],[13.46696,52.53405],[13.46626,52.53378],[13.46452,52.5332],[13.46454,52.53315],[13.46444,52.53307],[13.46444,52.53299],[13.46339,52.53263],[13.46325,52.5324],[13.46101,52.52968],[13.46067,52.52936],[13.45633,52.52839],[13.4562,52.52826],[13.45818,52.5264],[13.45912,52.52577],[13.45967,52.52551],[13.46026,52.52529],[13.46276,52.5245],[13.46548,52.52415],[13.46602,52.52406],[13.46709,52.52382],[13.46859,52.5233],[13.46949,52.52287],[13.46991,52.52264],[13.4703,52.52238],[13.47099,52.52182],[13.4713,52.52152],[13.47146,52.52131],[13.47214,52.52067],[13.47227,52.52068],[13.47235,52.52051],[13.47255,52.52053],[13.47321,52.51988],[13.47308,52.51988],[13.47376,52.51909],[13.4742,52.51912],[13.47601,52.51619],[13.47645,52.5153],[13.47655,52.51517],[13.47671,52.51505],[13.47775,52.51473],[13.47748,52.51439],[13.47589,52.51486],[13.4755,52.51382],[13.47544,52.51343],[13.47553,52.51307],[13.47563,52.51306],[13.47584,52.51212],[13.47593,52.51211],[13.47594,52.51206],[13.47589,52.51205],[13.47627,52.51044],[13.47616,52.51035],[13.47583,52.51026],[13.47542,52.50963],[13.47396,52.50811],[13.4739,52.5081],[13.47403,52.50807],[13.47394,52.50797],[13.47381,52.50801],[13.47382,52.50793],[13.47307,52.50713],[13.47341,52.50692],[13.47283,52.50671],[13.47277,52.50657],[13.47284,52.50647],[13.4729,52.50649],[13.47294,52.50648],[13.47364,52.50673],[13.47429,52.5069],[13.47489,52.50701],[13.47491,52.50697],[13.47574,52.50709],[13.47574,52.50705],[13.47634,52.50706],[13.47701,52.50701],[13.47748,52.50695],[13.47845,52.50673],[13.48061,52.50588],[13.48109,52.50562],[13.48152,52.50533],[13.48203,52.50484],[13.48227,52.50451],[13.48243,52.50422],[13.48275,52.50351],[13.48304,52.50344],[13.48319,52.50305],[13.48335,52.50307],[13.48394,52.50323],[13.48478,52.50351],[13.48624,52.5041],[13.48842,52.50519],[13.49047,52.50633],[13.49051,52.50631],[13.49161,52.5069],[13.49388,52.50799],[13.49503,52.50851],[13.49499,52.50853],[13.49571,52.50892],[13.49597,52.5087],[13.49642,52.50895],[13.49645,52.50893],[13.49655,52.50898],[13.49652,52.50901],[13.49691,52.50922],[13.49711,52.50904],[13.49715,52.50906],[13.49735,52.50893],[13.49742,52.50897],[13.49728,52.50907],[13.49735,52.5091],[13.4973,52.50914],[13.49765,52.50971],[13.49779,52.50979],[13.49773,52.50983],[13.49783,52.50987],[13.49777,52.50991],[13.49772,52.50988],[13.49763,52.50995],[13.4989,52.51064],[13.49895,52.51061],[13.49975,52.51104],[13.49753,52.51125],[13.49836,52.51154],[13.49838,52.51161],[13.50189,52.51299],[13.50256,52.51322],[13.50393,52.51363],[13.50534,52.51398],[13.50703,52.51434],[13.50747,52.51447],[13.50797,52.51465],[13.50838,52.51438],[13.50868,52.51439],[13.50933,52.51449],[13.51267,52.51463],[13.5186,52.51454],[13.51874,52.51444],[13.51896,52.51844],[13.51912,52.51965],[13.51908,52.51965],[13.51916,52.52089],[13.5192,52.5209],[13.51944,52.52384],[13.51941,52.52456],[13.51929,52.52581],[13.51912,52.52612],[13.51912,52.52709],[13.51915,52.52712],[13.51903,52.52896],[13.51883,52.53104],[13.51886,52.53118],[13.51883,52.53133],[13.51878,52.53135],[13.51867,52.53248],[13.51871,52.53253],[13.51869,52.53267],[13.51866,52.5327],[13.51862,52.53289],[13.51846,52.5333],[13.51809,52.53393],[13.51716,52.53519],[13.51727,52.5352],[13.51712,52.5354],[13.51699,52.53541],[13.51688,52.53554],[13.50583,52.53479],[13.50564,52.53478],[13.50565,52.53495],[13.50465,52.53487],[13.49879,52.53453],[13.49596,52.53445],[13.49576,52.53451],[13.49551,52.5345],[13.49544,52.5345],[13.49544,52.53445],[13.48721,52.53399],[13.48723,52.53398],[13.48704,52.53397],[13.48703,52.534],[13.48512,52.53386]]]}},{"type":"Feature","id":"1140","properties":{"region_id":"1140","region_name":"Lichtenberg Mitte"},"geometry":{"type":"Polygon","coordinates":[[[13.5193,52.5139],[13.51931,52.51403],[13.51876,52.51403],[13.51875,52.51391],[13.51855,52.51391],[13.5186,52.51454],[13.51267,52.51463],[13.50933,52.51449],[13.50868,52.51439],[13.50838,52.51438],[13.50797,52.51465],[13.50747,52.51447],[13.50703,52.51434],[13.50534,52.51398],[13.50393,52.51363],[13.50256,52.51322],[13.50189,52.51299],[13.49838,52.51161],[13.49836,52.51154],[13.49753,52.51125],[13.49975,52.51104],[13.49895,52.51061],[13.4989,52.51064],[13.49763,52.50995],[13.49772,52.50988],[13.49777,52.50991],[13.49783,52.50987],[13.49773,52.50983],[13.49779,52.50979],[13.49765,52.50971],[13.4973,52.50914],[13.49735,52.5091],[13.49728,52.50907],[13.49742,52.50897],[13.49735,52.50893],[13.49715,52.50906],[13.49711,52.50904],[13.49691,52.50922],[13.49652,52.50901],[13.49655,52.50898],[13.49645,52.50893],[13.49642,52.50895],[13.49597,52.5087],[13.49571,52.50892],[13.49499,52.50853],[13.49503,52.50851],[13.49388,52.50799],[13.49161,52.5069],[13.49051,52.50631],[13.49047,52.50633],[13.48842,52.50519],[13.48685,52.50439],[13.48546,52.50377],[13.48394,52.50323],[13.48335,52.50307],[13.48319,52.50305],[13.48304,52.50344],[13.48275,52.50351],[13.48236,52.50437],[13.48203,52.50484],[13.48172,52.50516],[13.48133,52.50547],[13.48087,52.50575],[13.48061,52.50588],[13.47927,52.50643],[13.47829,52.50678],[13.47748,52.50695],[13.47701,52.50701],[13.47634,52.50706],[13.47574,52.50705],[13.47574,52.50709],[13.47491,52.50697],[13.47489,52.50701],[13.47462,52.50697],[13.47364,52.50673],[13.47294,52.50648],[13.4728,52.50649],[13.47273,52.50646],[13.47271,52.50636],[13.47226,52.50611],[13.47175,52.50574],[13.47116,52.50513],[13.47129,52.505],[13.47042,52.50406],[13.47021,52.50374],[13.46983,52.50266],[13.47388,52.50195],[13.47434,52.50176],[13.47494,52.50168],[13.47504,52.50168],[13.47513,52.50175],[13.4754,52.5017],[13.4755,52.50188],[13.47712,52.50159],[13.47764,52.50154],[13.47766,52.50159],[13.47776,52.50158],[13.47891,52.50131],[13.4823,52.50012],[13.48389,52.49948],[13.48499,52.49899],[13.48571,52.49873],[13.48796,52.49776],[13.49097,52.49664],[13.49265,52.49597],[13.49696,52.49443],[13.49765,52.49411],[13.49896,52.49338],[13.49932,52.49338],[13.49938,52.49332],[13.49988,52.49341],[13.49995,52.49309],[13.50213,52.49242],[13.50327,52.49213],[13.50581,52.49157],[13.50564,52.49121],[13.50712,52.49088],[13.50719,52.49102],[13.50843,52.49092],[13.50919,52.4909],[13.51074,52.49092],[13.51073,52.49095],[13.51185,52.49107],[13.51303,52.49125],[13.52519,52.49423],[13.5258,52.49435],[13.52971,52.49536],[13.54066,52.49806],[13.54174,52.4983],[13.53949,52.49854],[13.5352,52.50555],[13.53602,52.506],[13.53629,52.50641],[13.53612,52.5079],[13.53629,52.50794],[13.53621,52.50999],[13.53821,52.50991],[13.53785,52.50993],[13.53787,52.51017],[13.53782,52.5111],[13.53773,52.51141],[13.53757,52.51179],[13.53732,52.51211],[13.53691,52.51247],[13.53652,52.51275],[13.53572,52.51316],[13.53544,52.51327],[13.53474,52.51348],[13.53398,52.51362],[13.53284,52.51362],[13.53197,52.5137],[13.52925,52.51379],[13.52474,52.51379],[13.52442,52.51385],[13.52359,52.51391],[13.52202,52.51384],[13.52041,52.51387],[13.5204,52.51376],[13.52013,52.51376],[13.52013,52.51373],[13.51999,52.51373],[13.52,52.51388],[13.5193,52.5139]]]}},{"type":"Feature","id":"1150","properties":{"region_id":"1150","region_name":"Lichtenberg Süd"},"geometry":{"type":"Polygon","coordinates":[[[13.47308,52.49899],[13.48415,52.49166],[13.48494,52.4916],[13.48577,52.4912],[13.48609,52.4908],[13.48846,52.48989],[13.48881,52.48925],[13.49145,52.48827],[13.49071,52.48744],[13.49091,52.48735],[13.49122,52.48714],[13.49274,52.48582],[13.49349,52.48469],[13.49362,52.48445],[13.49361,52.48436],[13.49366,52.48427],[13.49369,52.48428],[13.49418,52.48312],[13.49671,52.48332],[13.49687,52.48327],[13.49723,52.48331],[13.49785,52.48328],[13.49828,52.48322],[13.49935,52.48293],[13.50051,52.4827],[13.50153,52.48258],[13.50189,52.48257],[13.50432,52.47812],[13.50785,52.4749],[13.51297,52.47566],[13.51383,52.47571],[13.51462,52.4757],[13.51558,52.47558],[13.51652,52.47537],[13.52032,52.47407],[13.52144,52.47514],[13.52158,52.47522],[13.52243,52.47475],[13.52367,52.47386],[13.52554,52.47236],[13.52753,52.47062],[13.53077,52.46794],[13.53139,52.4684],[13.53143,52.46839],[13.53985,52.47498],[13.54207,52.47399],[13.54839,52.47332],[13.54848,52.47331],[13.54799,52.47387],[13.54919,52.47386],[13.55034,52.4737],[13.55153,52.47362],[13.5526,52.47365],[13.55205,52.47375],[13.55086,52.47702],[13.54845,52.47978],[13.54788,52.47978],[13.54792,52.48251],[13.54828,52.48248],[13.5491,52.48374],[13.54989,52.48445],[13.55021,52.48519],[13.55014,52.48549],[13.54783,52.4891],[13.54625,52.49177],[13.54485,52.49321],[13.54476,52.49321],[13.54484,52.49329],[13.54454,52.495],[13.54451,52.495],[13.54445,52.49548],[13.54392,52.4957],[13.54381,52.49593],[13.54408,52.49621],[13.5434,52.49696],[13.54214,52.49825],[13.54174,52.4983],[13.54121,52.4982],[13.52971,52.49536],[13.5258,52.49435],[13.52519,52.49423],[13.51303,52.49125],[13.51185,52.49107],[13.51073,52.49095],[13.51074,52.49092],[13.50919,52.4909],[13.50843,52.49092],[13.50719,52.49102],[13.50712,52.49088],[13.50564,52.49121],[13.50581,52.49157],[13.50327,52.49213],[13.50213,52.49242],[13.49995,52.49309],[13.49988,52.49341],[13.49938,52.49332],[13.49932,52.49338],[13.49896,52.49338],[13.49765,52.49411],[13.49696,52.49443],[13.49265,52.49597],[13.49097,52.49664],[13.48796,52.49776],[13.48571,52.49873],[13.48499,52.49899],[13.48389,52.49948],[13.4823,52.50012],[13.47891,52.50131],[13.47776,52.50158],[13.47766,52.50159],[13.47764,52.50154],[13.47712,52.50159],[13.4755,52.50188],[13.4754,52.5017],[13.47513,52.50175],[13.47504,52.50168],[13.47494,52.50168],[13.47434,52.50176],[13.47388,52.50195],[13.46983,52.50266],[13.46975,52.50245],[13.46975,52.50232],[13.46967,52.50229],[13.46953,52.50194],[13.4692,52.50112],[13.46888,52.50016],[13.46877,52.50016],[13.46857,52.49965],[13.47308,52.49899]]]}},{"type":"Feature","id":"1210","properties":{"region_id":"1210","region_name":"Reinickendorf Ost"},"geometry":{"type":"Polygon","coordinates":[[[13.37083,52.56054],[13.37715,52.56066],[13.37859,52.56619],[13.37868,52.56614],[13.38116,52.56642],[13.3843,52.56771],[13.38455,52.56774],[13.3879,52.56731],[13.3884,52.56767],[13.38838,52.56768],[13.38845,52.56775],[13.38905,52.56813],[13.38928,52.56824],[13.38777,52.56915],[13.38826,52.56948],[13.38308,52.57233],[13.38254,52.57208],[13.38224,52.57202],[13.37968,52.57252],[13.37961,52.57274],[13.37952,52.57272],[13.37936,52.57282],[13.37927,52.57309],[13.37904,52.57307],[13.37892,52.57345],[13.37859,52.57341],[13.37848,52.57372],[13.37825,52.57369],[13.37816,52.57361],[13.37645,52.57474],[13.37652,52.57481],[13.37646,52.5748],[13.37514,52.57563],[13.37427,52.57605],[13.37232,52.57686],[13.37227,52.57681],[13.37118,52.57729],[13.36813,52.57895],[13.36817,52.579],[13.36572,52.58035],[13.36528,52.58061],[13.36401,52.58147],[13.36387,52.58125],[13.36345,52.58143],[13.35922,52.58377],[13.35925,52.58386],[13.35881,52.58417],[13.35782,52.58439],[13.35332,52.5869],[13.3521,52.58753],[13.35223,52.58759],[13.34979,52.58891],[13.34992,52.58924],[13.34913,52.5892],[13.34748,52.59013],[13.34745,52.59008],[13.3468,52.58991],[13.34675,52.58994],[13.3455,52.5896],[13.34032,52.58836],[13.33995,52.58829],[13.34406,52.58293],[13.34415,52.5829],[13.34413,52.58284],[13.34563,52.58089],[13.34061,52.57945],[13.33966,52.57926],[13.33973,52.57914],[13.33735,52.57858],[13.33652,52.57846],[13.33325,52.57837],[13.33315,52.5783],[13.3331,52.57824],[13.33305,52.57809],[13.3331,52.57803],[13.333,52.57769],[13.33304,52.57768],[13.3323,52.57532],[13.33197,52.57441],[13.33192,52.57441],[13.33164,52.57362],[13.33163,52.57345],[13.33009,52.56906],[13.32977,52.5682],[13.32972,52.56821],[13.32963,52.56781],[13.32947,52.56736],[13.32943,52.56737],[13.32935,52.56716],[13.32918,52.56667],[13.32922,52.56667],[13.3284,52.56436],[13.32846,52.56412],[13.32854,52.564],[13.32867,52.56389],[13.3302,52.56302],[13.33017,52.563],[13.33034,52.5629],[13.33038,52.56292],[13.33069,52.56274],[13.33089,52.56259],[13.33224,52.56187],[13.3371,52.56446],[13.34871,52.56207],[13.34874,52.562],[13.34909,52.56193],[13.3569,52.56202],[13.35971,52.56185],[13.35981,52.56181],[13.3601,52.56047],[13.36452,52.56118],[13.3651,52.55812],[13.36666,52.55823],[13.36994,52.55993],[13.37083,52.56054]]]}},{"type":"Feature","id":"1220","properties":{"region_id":"1220","region_name":"Tegel"},"geometry":{"type":"Polygon","coordinates":[[[13.32591,52.56123],[13.32622,52.56147],[13.32647,52.56174],[13.32663,52.562],[13.32679,52.56238],[13.33092,52.56215],[13.33179,52.56166],[13.33224,52.56187],[13.33089,52.56259],[13.33069,52.56274],[13.33038,52.56292],[13.33034,52.5629],[13.33017,52.563],[13.3302,52.56302],[13.32867,52.56389],[13.32854,52.564],[13.32846,52.56412],[13.3284,52.56436],[13.32922,52.56667],[13.32918,52.56667],[13.32935,52.56716],[13.32943,52.56737],[13.32947,52.56736],[13.32963,52.56781],[13.32972,52.56821],[13.32977,52.5682],[13.33009,52.56906],[13.33163,52.57345],[13.33164,52.57362],[13.33192,52.57441],[13.33197,52.57441],[13.3323,52.57532],[13.33304,52.57768],[13.333,52.57769],[13.3331,52.57803],[13.33305,52.57809],[13.3331,52.57824],[13.33284,52.57823],[13.33286,52.57831],[13.33053,52.57826],[13.32917,52.57817],[13.32842,52.5782],[13.3274,52.57818],[13.3269,52.57812],[13.32479,52.57869],[13.32369,52.57866],[13.32281,52.57843],[13.31996,52.57816],[13.31742,52.57782],[13.31573,52.5778],[13.31561,52.57766],[13.31541,52.57766],[13.31543,52.57772],[13.31527,52.57771],[13.31521,52.57766],[13.31492,52.57765],[13.31505,52.57777],[13.31046,52.57762],[13.30944,52.57761],[13.30853,52.57768],[13.30735,52.57786],[13.30639,52.57812],[13.30382,52.57897],[13.30377,52.57894],[13.29935,52.58044],[13.29934,52.58039],[13.29856,52.58065],[13.29874,52.58071],[13.29625,52.58154],[13.29554,52.58181],[13.2956,52.58186],[13.29506,52.5821],[13.29443,52.58247],[13.29413,52.58269],[13.29396,52.58268],[13.29376,52.58286],[13.29405,52.58288],[13.29189,52.58608],[13.29156,52.5865],[13.29124,52.58641],[13.28977,52.58857],[13.28972,52.58856],[13.2896,52.58872],[13.28958,52.58872],[13.288,52.59086],[13.28737,52.59191],[13.28666,52.59296],[13.28617,52.59364],[13.28614,52.59363],[13.28555,52.5947],[13.28536,52.59468],[13.28519,52.59497],[13.28529,52.595],[13.28528,52.59505],[13.28494,52.59559],[13.28454,52.59606],[13.28119,52.5997],[13.28105,52.59947],[13.2808,52.59922],[13.2805,52.59901],[13.28005,52.59873],[13.27862,52.59807],[13.27802,52.59775],[13.27662,52.59661],[13.27587,52.59717],[13.27567,52.59741],[13.27506,52.5978],[13.27426,52.59743],[13.27324,52.5971],[13.27152,52.59648],[13.27052,52.5962],[13.27023,52.59616],[13.26969,52.59614],[13.26838,52.59617],[13.26784,52.59615],[13.2671,52.59605],[13.26626,52.59584],[13.26555,52.59555],[13.26471,52.59503],[13.26297,52.59376],[13.2637,52.59346],[13.26395,52.59341],[13.26444,52.59323],[13.26457,52.59316],[13.26451,52.59307],[13.26484,52.593],[13.26541,52.59278],[13.26598,52.59245],[13.26638,52.59214],[13.26659,52.59182],[13.26689,52.5915],[13.26694,52.59131],[13.26712,52.59094],[13.26716,52.59073],[13.26711,52.5904],[13.26703,52.59025],[13.26666,52.58992],[13.26643,52.58982],[13.26612,52.58978],[13.26607,52.58963],[13.26626,52.58948],[13.26655,52.58941],[13.26679,52.58931],[13.26694,52.58929],[13.26718,52.58932],[13.26738,52.5893],[13.26773,52.58935],[13.26807,52.58945],[13.26842,52.58949],[13.26871,52.5895],[13.26883,52.5895],[13.26887,52.58947],[13.26967,52.58946],[13.27012,52.58964],[13.27018,52.58971],[13.27059,52.58992],[13.27072,52.58993],[13.27084,52.59],[13.27097,52.58994],[13.27091,52.5899],[13.271,52.58985],[13.27108,52.58989],[13.27157,52.58966],[13.27091,52.58948],[13.27087,52.58942],[13.27091,52.58937],[13.27179,52.58898],[13.27212,52.58927],[13.27233,52.5893],[13.27244,52.58925],[13.27205,52.58892],[13.27245,52.58874],[13.27284,52.58851],[13.27331,52.58806],[13.27369,52.5876],[13.27546,52.58505],[13.27537,52.58494],[13.2746,52.5843],[13.27459,52.58423],[13.27464,52.58416],[13.27489,52.58406],[13.27488,52.58389],[13.27483,52.58384],[13.27449,52.58325],[13.27432,52.58303],[13.27412,52.58261],[13.27407,52.58244],[13.27412,52.58217],[13.2743,52.58191],[13.27456,52.5818],[13.27502,52.58176],[13.27498,52.58152],[13.27473,52.58153],[13.27453,52.58149],[13.27421,52.58141],[13.27405,52.5813],[13.2738,52.58089],[13.27367,52.58029],[13.27363,52.57992],[13.27367,52.57963],[13.27378,52.57934],[13.27389,52.57917],[13.27437,52.57869],[13.27475,52.57842],[13.27486,52.57828],[13.27488,52.57824],[13.27486,52.57798],[13.27479,52.57791],[13.27454,52.57783],[13.27441,52.57785],[13.27431,52.57792],[13.27383,52.57802],[13.27325,52.57805],[13.27326,52.57799],[13.2732,52.57799],[13.2732,52.57803],[13.27307,52.57802],[13.27305,52.57805],[13.27292,52.57804],[13.27293,52.57797],[13.27189,52.57793],[13.27085,52.57793],[13.27056,52.57814],[13.27056,52.57819],[13.27048,52.57833],[13.27025,52.57852],[13.27007,52.5786],[13.27,52.57859],[13.26968,52.57867],[13.26958,52.57864],[13.26943,52.57848],[13.26938,52.57849],[13.26936,52.57857],[13.26896,52.57857],[13.26857,52.57845],[13.2684,52.57843],[13.26831,52.57839],[13.26817,52.57836],[13.26798,52.57828],[13.2674,52.57818],[13.2673,52.57806],[13.26708,52.57793],[13.26698,52.57782],[13.26674,52.57775],[13.26652,52.57761],[13.26644,52.57759],[13.26641,52.57762],[13.26376,52.5762],[13.26378,52.57619],[13.26362,52.57611],[13.26358,52.57572],[13.2635,52.57571],[13.26324,52.57551],[13.26302,52.57542],[13.26272,52.57523],[13.26191,52.5749],[13.26108,52.57432],[13.26036,52.57415],[13.26014,52.57414],[13.2601,52.57417],[13.25969,52.57405],[13.25963,52.57406],[13.25899,52.57377],[13.25874,52.57354],[13.25846,52.57321],[13.25838,52.57307],[13.25843,52.57304],[13.25842,52.57302],[13.25836,52.57302],[13.25832,52.57297],[13.25825,52.573],[13.25808,52.57277],[13.25823,52.57273],[13.25816,52.5725],[13.2581,52.57251],[13.25808,52.57245],[13.25816,52.57244],[13.25817,52.5724],[13.2581,52.57224],[13.2581,52.57214],[13.25786,52.57217],[13.25783,52.57207],[13.25788,52.57206],[13.25787,52.57202],[13.25809,52.572],[13.25804,52.57184],[13.25797,52.57184],[13.25796,52.5718],[13.25803,52.57179],[13.25805,52.57173],[13.25798,52.57167],[13.25791,52.57127],[13.25776,52.5713],[13.25773,52.57125],[13.25767,52.57127],[13.25758,52.57109],[13.25773,52.57106],[13.25769,52.57094],[13.25756,52.57072],[13.25756,52.5706],[13.25738,52.5703],[13.25738,52.57011],[13.25719,52.56979],[13.25702,52.56961],[13.25693,52.56945],[13.25677,52.56931],[13.25655,52.56903],[13.25599,52.56847],[13.25595,52.56827],[13.25576,52.56802],[13.25576,52.56796],[13.25588,52.56783],[13.25589,52.56776],[13.25572,52.56732],[13.25578,52.5673],[13.25582,52.56734],[13.25584,52.56754],[13.25589,52.5677],[13.25594,52.56775],[13.25597,52.56775],[13.256,52.56766],[13.25593,52.56723],[13.2558,52.56707],[13.25571,52.56688],[13.25556,52.56675],[13.25531,52.56668],[13.25481,52.56648],[13.25482,52.5663],[13.25475,52.56622],[13.25464,52.56616],[13.25465,52.56599],[13.25446,52.56589],[13.25442,52.56563],[13.25432,52.56544],[13.25418,52.56524],[13.25397,52.56506],[13.25384,52.56499],[13.25371,52.56496],[13.25334,52.56498],[13.25256,52.56486],[13.25092,52.56414],[13.2505,52.56402],[13.24985,52.56393],[13.24952,52.56394],[13.24944,52.56399],[13.24945,52.56406],[13.24923,52.56418],[13.24916,52.56417],[13.24921,52.56407],[13.24906,52.56404],[13.24903,52.5641],[13.24898,52.56409],[13.24894,52.56414],[13.24867,52.56407],[13.24854,52.56399],[13.24839,52.56384],[13.24824,52.56379],[13.24816,52.56379],[13.24804,52.56386],[13.24782,52.5637],[13.24796,52.56362],[13.24795,52.56356],[13.24805,52.56308],[13.24804,52.56302],[13.24793,52.56289],[13.2479,52.56277],[13.24778,52.56265],[13.2476,52.56257],[13.24738,52.56254],[13.24726,52.56243],[13.24708,52.56235],[13.24678,52.56232],[13.24634,52.56235],[13.24634,52.56232],[13.24603,52.56231],[13.24602,52.56228],[13.24591,52.5623],[13.24591,52.56234],[13.24572,52.56236],[13.24571,52.56232],[13.24404,52.5623],[13.24369,52.56226],[13.24366,52.56229],[13.24342,52.56221],[13.24322,52.56212],[13.24324,52.56209],[13.24318,52.56207],[13.24316,52.5621],[13.24295,52.56201],[13.24257,52.56193],[13.2425,52.56202],[13.24243,52.56203],[13.24166,52.56188],[13.24069,52.56121],[13.24046,52.56089],[13.24021,52.56035],[13.24007,52.56022],[13.24009,52.56019],[13.23988,52.56008],[13.2399,52.56006],[13.23987,52.56003],[13.23979,52.55998],[13.23976,52.55999],[13.23922,52.5597],[13.23904,52.55923],[13.23896,52.55919],[13.23838,52.5591],[13.23803,52.55893],[13.23765,52.55881],[13.23738,52.55863],[13.23624,52.55868],[13.23588,52.55886],[13.23567,52.55891],[13.23569,52.55894],[13.23533,52.55896],[13.23515,52.55902],[13.23461,52.5593],[13.23442,52.55948],[13.23445,52.55949],[13.23435,52.55957],[13.23409,52.55992],[13.23389,52.56044],[13.23338,52.56102],[13.23331,52.56127],[13.23257,52.56153],[13.23211,52.56163],[13.23206,52.56162],[13.23204,52.56165],[13.23175,52.56169],[13.23086,52.56165],[13.23075,52.5616],[13.2307,52.5615],[13.23073,52.5614],[13.23092,52.56148],[13.23119,52.56124],[13.23201,52.56064],[13.23316,52.55998],[13.23456,52.55926],[13.23814,52.55748],[13.23834,52.55752],[13.23891,52.55728],[13.23895,52.55724],[13.23895,52.55702],[13.24113,52.55593],[13.24112,52.55603],[13.25059,52.55133],[13.25178,52.55087],[13.25299,52.55045],[13.25424,52.55013],[13.25562,52.54986],[13.25695,52.54968],[13.25838,52.54958],[13.26056,52.54951],[13.27061,52.54934],[13.27059,52.54943],[13.27196,52.54939],[13.27209,52.54931],[13.30153,52.54881],[13.30273,52.55028],[13.30362,52.55129],[13.30718,52.55508],[13.30716,52.55509],[13.30967,52.55772],[13.31275,52.55855],[13.31744,52.55967],[13.31898,52.55995],[13.3239,52.56057],[13.32508,52.56084],[13.32552,52.56101],[13.32591,52.56123]]]}},{"type":"Feature","id":"1240","properties":{"region_id":"1240","region_name":"Grüner Norden"},"geometry":{"type":"Polygon","coordinates":[[[13.27498,52.58152],[13.27502,52.58176],[13.27456,52.5818],[13.2743,52.58191],[13.27412,52.58217],[13.27407,52.58244],[13.27412,52.58261],[13.27432,52.58303],[13.27449,52.58325],[13.27483,52.58384],[13.27488,52.58389],[13.27489,52.58406],[13.27464,52.58416],[13.27459,52.58423],[13.2746,52.5843],[13.27537,52.58494],[13.27546,52.58505],[13.27373,52.58754],[13.27331,52.58806],[13.27284,52.58851],[13.27245,52.58874],[13.27205,52.58892],[13.27244,52.58925],[13.27233,52.5893],[13.27212,52.58927],[13.27179,52.58898],[13.27091,52.58937],[13.27087,52.58942],[13.27091,52.58948],[13.27157,52.58966],[13.27108,52.58989],[13.271,52.58985],[13.27091,52.5899],[13.27097,52.58994],[13.27084,52.59],[13.27072,52.58993],[13.27059,52.58992],[13.27018,52.58971],[13.27012,52.58964],[13.26967,52.58946],[13.26887,52.58947],[13.26883,52.5895],[13.26871,52.5895],[13.26842,52.58949],[13.26807,52.58945],[13.26773,52.58935],[13.26738,52.5893],[13.26718,52.58932],[13.26694,52.58929],[13.26679,52.58931],[13.26655,52.58941],[13.26626,52.58948],[13.26607,52.58963],[13.26612,52.58978],[13.26643,52.58982],[13.26666,52.58992],[13.26703,52.59025],[13.26711,52.5904],[13.26716,52.59073],[13.26712,52.59094],[13.26694,52.59131],[13.26689,52.5915],[13.26659,52.59182],[13.26638,52.59214],[13.26598,52.59245],[13.26541,52.59278],[13.26484,52.593],[13.26451,52.59307],[13.26457,52.59316],[13.26444,52.59323],[13.26395,52.59341],[13.2637,52.59346],[13.26297,52.59376],[13.26471,52.59503],[13.26555,52.59555],[13.26626,52.59584],[13.2671,52.59605],[13.26784,52.59615],[13.26838,52.59617],[13.26969,52.59614],[13.27023,52.59616],[13.27052,52.5962],[13.27152,52.59648],[13.27324,52.5971],[13.27426,52.59743],[13.27506,52.5978],[13.27567,52.59741],[13.27587,52.59717],[13.27662,52.59661],[13.27802,52.59775],[13.27862,52.59807],[13.28005,52.59873],[13.2808,52.59922],[13.28105,52.59947],[13.28152,52.60019],[13.2818,52.6005],[13.28206,52.6007],[13.28249,52.60084],[13.28317,52.60113],[13.28411,52.60143],[13.28448,52.60153],[13.28488,52.60157],[13.28681,52.60145],[13.28716,52.60148],[13.28777,52.60167],[13.28795,52.60177],[13.28844,52.60227],[13.28915,52.60142],[13.28927,52.60113],[13.28908,52.60095],[13.28878,52.60085],[13.28885,52.60074],[13.28943,52.60089],[13.28955,52.60093],[13.28961,52.60101],[13.28934,52.60133],[13.28936,52.60144],[13.28956,52.60148],[13.28995,52.6014],[13.29008,52.60144],[13.2904,52.60162],[13.29129,52.60187],[13.29211,52.60248],[13.29211,52.60255],[13.29207,52.6026],[13.29111,52.60266],[13.29099,52.60275],[13.29097,52.60285],[13.29106,52.60291],[13.29154,52.60294],[13.29162,52.60298],[13.29163,52.60304],[13.29141,52.60344],[13.29142,52.6035],[13.29154,52.60355],[13.29219,52.60354],[13.29236,52.60349],[13.29261,52.60336],[13.29316,52.60358],[13.29326,52.60372],[13.29326,52.60377],[13.29317,52.60381],[13.29279,52.60383],[13.29274,52.60388],[13.29275,52.60409],[13.29302,52.60422],[13.29331,52.60428],[13.29339,52.60432],[13.29342,52.60436],[13.2933,52.60471],[13.2933,52.60481],[13.29343,52.60489],[13.29364,52.60489],[13.29375,52.60481],[13.29376,52.60463],[13.29384,52.60458],[13.29396,52.60459],[13.29418,52.60476],[13.29432,52.60478],[13.29471,52.60466],[13.29488,52.60467],[13.29494,52.6047],[13.29496,52.60478],[13.29492,52.60487],[13.29478,52.605],[13.29482,52.60511],[13.29508,52.60508],[13.29529,52.60498],[13.29539,52.60502],[13.2954,52.6051],[13.29517,52.60539],[13.2952,52.60552],[13.29531,52.60562],[13.29541,52.60564],[13.29551,52.60561],[13.29562,52.60552],[13.29561,52.60539],[13.29573,52.60533],[13.29588,52.60532],[13.29601,52.60534],[13.29612,52.60542],[13.29672,52.60556],[13.29729,52.60593],[13.29774,52.60613],[13.29796,52.6062],[13.29827,52.60612],[13.29841,52.60604],[13.2986,52.60601],[13.2993,52.606],[13.29975,52.60603],[13.29998,52.60609],[13.30009,52.60624],[13.30015,52.60626],[13.30008,52.60644],[13.30011,52.60653],[13.30023,52.60658],[13.30106,52.6063],[13.30161,52.60624],[13.30195,52.60611],[13.302,52.60603],[13.30203,52.6058],[13.3023,52.60567],[13.30221,52.60537],[13.30237,52.60525],[13.30259,52.60517],[13.30284,52.60517],[13.30296,52.60513],[13.30303,52.60504],[13.30298,52.60491],[13.303,52.60483],[13.3031,52.60468],[13.30324,52.60469],[13.3033,52.60472],[13.30341,52.60497],[13.30352,52.60509],[13.30362,52.60509],[13.30373,52.6049],[13.30386,52.60488],[13.30397,52.60494],[13.30403,52.60503],[13.3043,52.60526],[13.30477,52.60558],[13.30492,52.60572],[13.30545,52.6059],[13.30546,52.60597],[13.30514,52.60612],[13.30491,52.6063],[13.30488,52.6064],[13.30491,52.6065],[13.30498,52.60655],[13.30514,52.60654],[13.30532,52.60643],[13.30573,52.60631],[13.30598,52.60633],[13.30601,52.60635],[13.306,52.6064],[13.30577,52.60654],[13.30579,52.60666],[13.30588,52.60676],[13.30596,52.6068],[13.30619,52.60684],[13.30649,52.60698],[13.30676,52.60703],[13.30683,52.60707],[13.30683,52.60716],[13.30679,52.60722],[13.30674,52.60741],[13.30683,52.60755],[13.30694,52.60762],[13.3072,52.60759],[13.30743,52.6076],[13.3076,52.60784],[13.30771,52.60793],[13.3078,52.60792],[13.30808,52.60767],[13.30813,52.60766],[13.30826,52.60769],[13.3083,52.60786],[13.30842,52.6079],[13.30854,52.60789],[13.30873,52.60775],[13.30881,52.60775],[13.30904,52.60796],[13.30916,52.60798],[13.30954,52.60787],[13.30971,52.60786],[13.30997,52.60791],[13.31041,52.60809],[13.3107,52.60846],[13.31072,52.60853],[13.31061,52.6087],[13.31065,52.60879],[13.31146,52.60961],[13.31188,52.60987],[13.31253,52.61014],[13.31267,52.61023],[13.31294,52.61048],[13.31309,52.61057],[13.31388,52.61085],[13.31486,52.61109],[13.31483,52.61111],[13.31537,52.61131],[13.31555,52.61142],[13.31565,52.61153],[13.31567,52.61162],[13.31565,52.61163],[13.31581,52.61184],[13.3158,52.61193],[13.31594,52.6121],[13.31601,52.61212],[13.31617,52.61235],[13.31616,52.61238],[13.31621,52.61236],[13.31629,52.61247],[13.31642,52.61256],[13.31686,52.61263],[13.31758,52.61265],[13.3179,52.61259],[13.31837,52.61243],[13.31875,52.61244],[13.31917,52.61237],[13.31946,52.61247],[13.31984,52.61264],[13.3203,52.61275],[13.32056,52.6129],[13.32085,52.61302],[13.32114,52.61309],[13.32153,52.6131],[13.3221,52.61306],[13.32212,52.61302],[13.32263,52.61301],[13.32313,52.61289],[13.32347,52.61285],[13.32412,52.61287],[13.3248,52.61305],[13.32484,52.61297],[13.32512,52.613],[13.3252,52.61297],[13.32606,52.61305],[13.32636,52.61309],[13.32689,52.61325],[13.32765,52.61362],[13.3283,52.61386],[13.32848,52.61398],[13.32876,52.61408],[13.32908,52.61405],[13.32909,52.61402],[13.32902,52.61389],[13.32907,52.61385],[13.32917,52.61386],[13.32955,52.614],[13.32962,52.61411],[13.3297,52.61416],[13.33002,52.61418],[13.33025,52.61427],[13.3304,52.61441],[13.33071,52.61461],[13.33073,52.61465],[13.33103,52.6149],[13.33106,52.61502],[13.331,52.61509],[13.331,52.61531],[13.33105,52.61541],[13.33105,52.61549],[13.33108,52.61552],[13.33115,52.61552],[13.33118,52.61554],[13.33111,52.61559],[13.33115,52.61564],[13.33108,52.61575],[13.33124,52.61586],[13.33122,52.61589],[13.33133,52.61596],[13.33138,52.61605],[13.33129,52.61606],[13.33112,52.61622],[13.33116,52.61651],[13.33117,52.61687],[13.33125,52.61709],[13.33124,52.61719],[13.33116,52.61727],[13.33136,52.61737],[13.33135,52.61746],[13.3314,52.61752],[13.33145,52.61752],[13.33133,52.61759],[13.33095,52.6176],[13.33065,52.61785],[13.3302,52.618],[13.33024,52.61801],[13.33009,52.61827],[13.32988,52.61848],[13.33001,52.61896],[13.32994,52.61911],[13.33003,52.61935],[13.33014,52.61944],[13.33043,52.61948],[13.33036,52.61959],[13.33056,52.61967],[13.33098,52.61977],[13.33152,52.61984],[13.33186,52.61992],[13.33275,52.62035],[13.33333,52.62073],[13.33366,52.62082],[13.33355,52.6209],[13.33395,52.62132],[13.33421,52.62176],[13.33447,52.62197],[13.33483,52.6221],[13.33569,52.62219],[13.33591,52.62226],[13.33611,52.6224],[13.33623,52.62244],[13.33622,52.62246],[13.33664,52.62245],[13.33673,52.62249],[13.33673,52.62263],[13.33668,52.62265],[13.33286,52.62419],[13.33255,52.62403],[13.33032,52.62492],[13.32932,52.62529],[13.32885,52.6254],[13.32744,52.62567],[13.32618,52.62582],[13.32556,52.62593],[13.32479,52.62617],[13.32384,52.62638],[13.3222,52.62652],[13.31959,52.62666],[13.31889,52.62678],[13.31735,52.6272],[13.31648,52.62732],[13.31499,52.62763],[13.31417,52.6279],[13.31338,52.62812],[13.31299,52.62818],[13.31233,52.6282],[13.30851,52.62795],[13.30722,52.62775],[13.30536,52.62759],[13.30261,52.62719],[13.30254,52.62755],[13.30305,52.62777],[13.30396,52.628],[13.30483,52.62818],[13.30586,52.62857],[13.30641,52.62873],[13.30887,52.62915],[13.3097,52.62947],[13.31,52.62967],[13.31027,52.63001],[13.30968,52.6301],[13.30977,52.63061],[13.31019,52.63062],[13.31003,52.63115],[13.30982,52.63157],[13.30977,52.63199],[13.30972,52.63216],[13.30934,52.6328],[13.30899,52.6332],[13.30858,52.63358],[13.30831,52.63396],[13.3078,52.63459],[13.30625,52.6364],[13.30578,52.63735],[13.30706,52.63755],[13.30707,52.63777],[13.30692,52.63812],[13.30681,52.63869],[13.30627,52.63961],[13.3073,52.63969],[13.30727,52.64011],[13.30794,52.6401],[13.30823,52.64024],[13.30815,52.64077],[13.30894,52.64146],[13.30887,52.64194],[13.30918,52.64199],[13.30903,52.64267],[13.30941,52.64273],[13.3092,52.64395],[13.30843,52.64381],[13.30043,52.65351],[13.3101,52.6574],[13.31,52.65748],[13.30967,52.65736],[13.3092,52.65774],[13.30864,52.658],[13.30884,52.65822],[13.30867,52.65836],[13.30767,52.65893],[13.30736,52.65928],[13.30712,52.65962],[13.30408,52.65939],[13.30252,52.6592],[13.30143,52.65923],[13.30057,52.65929],[13.29554,52.6593],[13.29369,52.65936],[13.29019,52.65986],[13.28851,52.65998],[13.28826,52.65997],[13.28775,52.65984],[13.28767,52.65995],[13.28717,52.65994],[13.28544,52.66033],[13.28432,52.66046],[13.28388,52.66049],[13.28331,52.66058],[13.28277,52.66074],[13.28191,52.65275],[13.28513,52.65263],[13.28503,52.65109],[13.28466,52.64884],[13.2846,52.64834],[13.2845,52.64829],[13.28424,52.64845],[13.28457,52.64795],[13.28447,52.6466],[13.28416,52.64436],[13.28408,52.64346],[13.28389,52.64211],[13.28383,52.64112],[13.28331,52.64104],[13.28247,52.64102],[13.28077,52.64085],[13.27646,52.64021],[13.27424,52.64027],[13.27197,52.63987],[13.2696,52.63971],[13.26624,52.64011],[13.26215,52.64069],[13.26235,52.63995],[13.26223,52.63994],[13.26241,52.63906],[13.26266,52.63865],[13.26341,52.63776],[13.26377,52.6374],[13.26468,52.63598],[13.2652,52.63453],[13.26423,52.62686],[13.26343,52.62718],[13.26238,52.62732],[13.26169,52.62752],[13.2603,52.62774],[13.25701,52.62767],[13.25662,52.62757],[13.25568,52.6275],[13.25421,52.62746],[13.25324,52.62734],[13.25252,52.62731],[13.25174,52.62731],[13.25059,52.62736],[13.24913,52.62748],[13.248,52.6273],[13.24766,52.62732],[13.24641,52.62727],[13.24606,52.62729],[13.24573,52.62735],[13.245,52.62757],[13.24434,52.62786],[13.2433,52.62819],[13.24243,52.6283],[13.24209,52.62829],[13.24031,52.62789],[13.23969,52.62783],[13.2376,52.62779],[13.23578,52.6278],[13.23271,52.62751],[13.2304,52.62739],[13.2281,52.62754],[13.22725,52.62764],[13.22647,52.62782],[13.22592,52.62786],[13.22588,52.62827],[13.22564,52.62824],[13.22512,52.62841],[13.22529,52.62821],[13.22424,52.62841],[13.22301,52.6282],[13.22054,52.62832],[13.22053,52.62816],[13.22069,52.62781],[13.2203,52.62693],[13.22026,52.62612],[13.22007,52.62528],[13.21976,52.62444],[13.21818,52.62235],[13.21676,52.62016],[13.21482,52.61926],[13.20963,52.6123],[13.20688,52.60914],[13.20651,52.60881],[13.20604,52.60855],[13.20503,52.60814],[13.20423,52.60791],[13.20264,52.60752],[13.20234,52.6074],[13.20213,52.60728],[13.20185,52.60705],[13.20174,52.60688],[13.20163,52.60655],[13.20162,52.60616],[13.2017,52.60549],[13.20192,52.60492],[13.20232,52.60425],[13.20264,52.60396],[13.20508,52.60203],[13.20581,52.60142],[13.20634,52.60089],[13.20727,52.59984],[13.20818,52.59901],[13.21129,52.59682],[13.21532,52.59497],[13.21811,52.5932],[13.21885,52.59237],[13.21925,52.5914],[13.21888,52.59048],[13.2174,52.58748],[13.21643,52.58571],[13.21536,52.58476],[13.21517,52.58433],[13.21521,52.58387],[13.21543,52.58353],[13.21578,52.58324],[13.21616,52.58296],[13.21721,52.5824],[13.2177,52.58194],[13.21808,52.58146],[13.21831,52.58096],[13.21801,52.5797],[13.21796,52.57854],[13.21886,52.57716],[13.22024,52.57605],[13.22204,52.57494],[13.22392,52.5742],[13.22464,52.57363],[13.22508,52.57315],[13.22522,52.57288],[13.22527,52.57261],[13.22518,52.57179],[13.2252,52.57151],[13.2253,52.57122],[13.22642,52.5698],[13.22673,52.56933],[13.22691,52.56875],[13.22697,52.56807],[13.22704,52.56781],[13.2272,52.5676],[13.22739,52.56741],[13.22813,52.56685],[13.2283,52.56668],[13.22854,52.56636],[13.22866,52.56607],[13.22871,52.56569],[13.22864,52.56531],[13.22796,52.56409],[13.22792,52.56394],[13.22793,52.56362],[13.22809,52.56332],[13.22833,52.5631],[13.23073,52.5614],[13.23071,52.56154],[13.23086,52.56165],[13.23175,52.56169],[13.23204,52.56165],[13.23206,52.56162],[13.23211,52.56163],[13.23257,52.56153],[13.23331,52.56127],[13.23338,52.56102],[13.23389,52.56044],[13.23409,52.55992],[13.23435,52.55957],[13.23445,52.55949],[13.23442,52.55948],[13.23473,52.55922],[13.23531,52.55897],[13.23557,52.55893],[13.23569,52.55894],[13.23567,52.55891],[13.23588,52.55886],[13.23624,52.55868],[13.23738,52.55863],[13.23765,52.55881],[13.23803,52.55893],[13.23838,52.5591],[13.23865,52.55913],[13.23904,52.55923],[13.23922,52.5597],[13.23976,52.55999],[13.23979,52.55998],[13.23987,52.56003],[13.2399,52.56006],[13.23988,52.56008],[13.24009,52.56019],[13.24007,52.56022],[13.24021,52.56035],[13.24046,52.56089],[13.24069,52.56121],[13.24166,52.56188],[13.24243,52.56203],[13.2425,52.56202],[13.24257,52.56193],[13.24295,52.56201],[13.24316,52.5621],[13.24318,52.56207],[13.24324,52.56209],[13.24322,52.56212],[13.24342,52.56221],[13.24366,52.56229],[13.24369,52.56226],[13.24404,52.5623],[13.24571,52.56232],[13.24572,52.56236],[13.24591,52.56234],[13.24591,52.5623],[13.24602,52.56228],[13.24603,52.56231],[13.24634,52.56232],[13.24634,52.56235],[13.24698,52.56233],[13.2472,52.5624],[13.24738,52.56254],[13.24768,52.56261],[13.24779,52.56266],[13.2479,52.56277],[13.24793,52.56289],[13.24804,52.56302],[13.24805,52.56308],[13.24795,52.56356],[13.24796,52.56362],[13.24782,52.5637],[13.24804,52.56386],[13.24816,52.56379],[13.24824,52.56379],[13.24839,52.56384],[13.24854,52.56399],[13.24867,52.56407],[13.24894,52.56414],[13.24898,52.56409],[13.24903,52.5641],[13.24906,52.56404],[13.24921,52.56407],[13.24916,52.56417],[13.24923,52.56418],[13.24945,52.56406],[13.24944,52.56399],[13.24952,52.56394],[13.24985,52.56393],[13.2505,52.56402],[13.25092,52.56414],[13.25256,52.56486],[13.25324,52.56497],[13.25371,52.56496],[13.25386,52.565],[13.25418,52.56524],[13.25432,52.56544],[13.25442,52.56563],[13.25446,52.56589],[13.25465,52.56599],[13.25464,52.56616],[13.25475,52.56622],[13.25482,52.5663],[13.25481,52.56648],[13.25531,52.56668],[13.25556,52.56675],[13.25571,52.56688],[13.2558,52.56707],[13.25593,52.56723],[13.256,52.56766],[13.25597,52.56775],[13.25594,52.56775],[13.25589,52.5677],[13.25584,52.56754],[13.25582,52.56734],[13.25578,52.5673],[13.25572,52.56732],[13.25589,52.56776],[13.25588,52.56783],[13.25576,52.56796],[13.25576,52.56802],[13.25595,52.56827],[13.25599,52.56847],[13.25655,52.56903],[13.25677,52.56931],[13.25693,52.56945],[13.25702,52.56961],[13.25719,52.56979],[13.25738,52.57011],[13.25738,52.5703],[13.25756,52.5706],[13.25756,52.57072],[13.25769,52.57094],[13.25773,52.57106],[13.25758,52.57109],[13.25767,52.57127],[13.25773,52.57125],[13.25776,52.5713],[13.25791,52.57127],[13.25798,52.57167],[13.25805,52.57173],[13.25803,52.57179],[13.25796,52.5718],[13.25797,52.57184],[13.25804,52.57184],[13.25809,52.572],[13.25787,52.57202],[13.25788,52.57206],[13.25783,52.57207],[13.25786,52.57217],[13.2581,52.57214],[13.2581,52.57224],[13.25817,52.5724],[13.25816,52.57244],[13.25808,52.57245],[13.2581,52.57251],[13.25816,52.5725],[13.25823,52.57273],[13.25808,52.57277],[13.25825,52.573],[13.25832,52.57297],[13.25836,52.57302],[13.25842,52.57302],[13.25843,52.57304],[13.25838,52.57307],[13.25848,52.57325],[13.25899,52.57377],[13.25965,52.57407],[13.25969,52.57405],[13.2601,52.57417],[13.26014,52.57414],[13.26036,52.57415],[13.26108,52.57432],[13.26191,52.5749],[13.26272,52.57523],[13.26302,52.57542],[13.26324,52.57551],[13.2635,52.57571],[13.26358,52.57572],[13.26362,52.57611],[13.26378,52.57619],[13.26376,52.5762],[13.26641,52.57762],[13.26644,52.57759],[13.26652,52.57761],[13.26674,52.57775],[13.26698,52.57782],[13.26708,52.57793],[13.2673,52.57806],[13.26738,52.57817],[13.26754,52.57822],[13.26798,52.57828],[13.26817,52.57836],[13.26831,52.57839],[13.2684,52.57843],[13.26857,52.57845],[13.26896,52.57857],[13.26936,52.57857],[13.26938,52.57849],[13.26943,52.57848],[13.26958,52.57864],[13.26968,52.57867],[13.27,52.57859],[13.27007,52.5786],[13.27025,52.57852],[13.27048,52.57833],[13.27056,52.57819],[13.27056,52.57814],[13.27085,52.57793],[13.27189,52.57793],[13.27293,52.57797],[13.27292,52.57804],[13.2732,52.57803],[13.2732,52.57799],[13.27326,52.57799],[13.27325,52.57805],[13.27342,52.57805],[13.27342,52.57802],[13.27367,52.57804],[13.27431,52.57792],[13.27441,52.57785],[13.27454,52.57783],[13.27471,52.57787],[13.27486,52.57798],[13.27488,52.57824],[13.27475,52.57842],[13.27437,52.57869],[13.27389,52.57917],[13.27378,52.57934],[13.27367,52.57963],[13.27363,52.57992],[13.27367,52.58029],[13.2738,52.58089],[13.27405,52.5813],[13.27421,52.58141],[13.27453,52.58149],[13.27473,52.58153],[13.27498,52.58152]]]}},{"type":"Feature","id":"1250","properties":{"region_id":"1250","region_name":"Wittenau/Borsigwalde"},"geometry":{"type":"Polygon","coordinates":[[[13.31986,52.57815],[13.32281,52.57843],[13.32369,52.57866],[13.32479,52.57869],[13.3269,52.57812],[13.3274,52.57818],[13.32842,52.5782],[13.32917,52.57817],[13.33053,52.57826],[13.33286,52.57831],[13.33284,52.57823],[13.3331,52.57824],[13.33325,52.57837],[13.33652,52.57846],[13.33735,52.57858],[13.33973,52.57914],[13.33966,52.57926],[13.34061,52.57945],[13.34563,52.58089],[13.34413,52.58284],[13.34415,52.5829],[13.34406,52.58293],[13.33995,52.58829],[13.34032,52.58836],[13.3455,52.5896],[13.34675,52.58994],[13.3468,52.58991],[13.34745,52.59008],[13.34748,52.59013],[13.34644,52.59069],[13.34604,52.59095],[13.34345,52.59236],[13.34336,52.59238],[13.33748,52.5956],[13.33744,52.59563],[13.33747,52.59574],[13.33738,52.59576],[13.33591,52.59659],[13.33587,52.59654],[13.33405,52.59753],[13.33412,52.59757],[13.33326,52.59803],[13.33293,52.59827],[13.33261,52.59827],[13.33253,52.59822],[13.33222,52.5984],[13.3322,52.59848],[13.32976,52.59989],[13.32851,52.60056],[13.328,52.60087],[13.32552,52.60303],[13.32543,52.6029],[13.32521,52.60309],[13.32525,52.60315],[13.32351,52.60467],[13.32313,52.60505],[13.32263,52.60548],[13.3227,52.6055],[13.32233,52.60583],[13.32072,52.60715],[13.32049,52.6071],[13.32035,52.60722],[13.32297,52.60774],[13.32633,52.60861],[13.32856,52.60933],[13.33004,52.60975],[13.33146,52.61012],[13.33382,52.61057],[13.33644,52.61128],[13.33654,52.61109],[13.33704,52.61123],[13.34,52.60854],[13.33937,52.60827],[13.34009,52.6083],[13.34035,52.60825],[13.34163,52.60743],[13.3416,52.60742],[13.34169,52.60735],[13.3416,52.60732],[13.34367,52.60597],[13.34384,52.60589],[13.3439,52.60591],[13.34417,52.60572],[13.35035,52.60701],[13.35054,52.607],[13.35094,52.60708],[13.35096,52.60714],[13.35106,52.60716],[13.35149,52.60723],[13.35226,52.6073],[13.35226,52.60726],[13.35906,52.60701],[13.35906,52.60705],[13.36723,52.60676],[13.36722,52.60669],[13.3716,52.6066],[13.37211,52.60656],[13.3726,52.60645],[13.37282,52.60656],[13.37544,52.60653],[13.37579,52.60702],[13.37578,52.60707],[13.37621,52.60774],[13.37635,52.60932],[13.37632,52.6107],[13.37628,52.61113],[13.37572,52.61324],[13.37523,52.61423],[13.37429,52.61567],[13.37314,52.61729],[13.37245,52.61838],[13.37155,52.6197],[13.37105,52.62037],[13.36952,52.62226],[13.36791,52.62407],[13.3673,52.62502],[13.36719,52.62531],[13.36711,52.6254],[13.36693,52.62535],[13.36686,52.62527],[13.36638,52.62534],[13.36621,52.62548],[13.36603,52.62538],[13.36595,52.62548],[13.36591,52.62548],[13.36587,52.62544],[13.36588,52.6253],[13.36583,52.62528],[13.36573,52.62529],[13.36549,52.62545],[13.36538,52.62547],[13.36527,52.62546],[13.36507,52.62526],[13.36473,52.62526],[13.3646,52.62521],[13.36482,52.62489],[13.36481,52.62485],[13.36474,52.62483],[13.36422,52.62486],[13.36415,52.6247],[13.36407,52.62466],[13.36398,52.62468],[13.36396,52.62472],[13.36405,52.62488],[13.36403,52.62492],[13.36394,52.62495],[13.36374,52.62492],[13.36371,52.62495],[13.36378,52.62502],[13.36378,52.62507],[13.36369,52.62509],[13.36352,52.62495],[13.3634,52.62491],[13.36252,52.62478],[13.36247,52.62474],[13.3625,52.6246],[13.36244,52.62457],[13.36218,52.62459],[13.36213,52.62456],[13.3621,52.62443],[13.3619,52.62428],[13.36138,52.62433],[13.36098,52.62426],[13.36092,52.62418],[13.36092,52.62405],[13.36086,52.62402],[13.36056,52.62406],[13.36047,52.62404],[13.36044,52.62399],[13.36058,52.62387],[13.36054,52.62383],[13.36008,52.62386],[13.35997,52.62403],[13.35968,52.62405],[13.35964,52.62401],[13.35961,52.62387],[13.35956,52.62381],[13.3592,52.62356],[13.35921,52.6234],[13.35918,52.62329],[13.3591,52.62328],[13.35898,52.62338],[13.35881,52.62343],[13.35849,52.62338],[13.3584,52.62333],[13.35844,52.62316],[13.35838,52.62313],[13.35831,52.62314],[13.35815,52.62331],[13.35804,52.62332],[13.35779,52.62319],[13.35775,52.62314],[13.35775,52.62303],[13.35764,52.62298],[13.35727,52.62316],[13.35712,52.6232],[13.35668,52.62311],[13.35645,52.62317],[13.35635,52.62329],[13.3563,52.6233],[13.35605,52.6232],[13.35588,52.6232],[13.35562,52.62339],[13.35532,52.62346],[13.35515,52.62357],[13.35494,52.62362],[13.35469,52.62362],[13.35447,52.62356],[13.35444,52.62352],[13.35445,52.62342],[13.35435,52.62337],[13.3538,52.62349],[13.35358,52.62344],[13.35331,52.6233],[13.35314,52.62339],[13.35305,52.6234],[13.35297,52.62337],[13.35276,52.62318],[13.35263,52.62315],[13.35246,52.62306],[13.35247,52.62301],[13.35259,52.62285],[13.35242,52.6228],[13.35231,52.62282],[13.3522,52.62303],[13.35208,52.62305],[13.35166,52.62298],[13.35163,52.62281],[13.35148,52.62273],[13.35136,52.62276],[13.35107,52.62386],[13.34669,52.62361],[13.34398,52.62374],[13.34389,52.62364],[13.34366,52.62351],[13.34357,52.62342],[13.34334,52.62347],[13.34324,52.62345],[13.34312,52.62335],[13.34296,52.62345],[13.34286,52.62347],[13.34268,52.62337],[13.34238,52.62332],[13.3423,52.62323],[13.3422,52.6232],[13.34201,52.6233],[13.34179,52.62325],[13.34153,52.62333],[13.34134,52.62326],[13.34107,52.62328],[13.34052,52.62314],[13.3404,52.62317],[13.3402,52.62328],[13.33992,52.62327],[13.33964,52.62331],[13.33928,52.62317],[13.33895,52.62324],[13.33878,52.62334],[13.33868,52.62334],[13.33853,52.62325],[13.33847,52.62299],[13.33839,52.62293],[13.33783,52.62298],[13.33743,52.62286],[13.33706,52.6228],[13.33669,52.62267],[13.33673,52.62263],[13.33673,52.62249],[13.33664,52.62245],[13.33622,52.62246],[13.33623,52.62244],[13.33611,52.6224],[13.33591,52.62226],[13.33569,52.62219],[13.33483,52.6221],[13.33447,52.62197],[13.33421,52.62176],[13.33395,52.62132],[13.33355,52.6209],[13.33366,52.62082],[13.33333,52.62073],[13.33275,52.62035],[13.33186,52.61992],[13.33152,52.61984],[13.33098,52.61977],[13.33056,52.61967],[13.33036,52.61959],[13.33043,52.61948],[13.33014,52.61944],[13.33003,52.61935],[13.32994,52.61911],[13.33001,52.61896],[13.32988,52.61848],[13.33009,52.61827],[13.33024,52.61801],[13.3302,52.618],[13.33065,52.61785],[13.33095,52.6176],[13.33133,52.61759],[13.33145,52.61752],[13.3314,52.61752],[13.33135,52.61746],[13.33136,52.61737],[13.33116,52.61727],[13.33124,52.61719],[13.33125,52.61709],[13.33117,52.61687],[13.33116,52.61651],[13.33112,52.61622],[13.33129,52.61606],[13.33138,52.61605],[13.33133,52.61596],[13.33122,52.61589],[13.33124,52.61586],[13.33108,52.61575],[13.33115,52.61564],[13.33111,52.61559],[13.33118,52.61554],[13.33115,52.61552],[13.33108,52.61552],[13.33105,52.61549],[13.33105,52.61541],[13.331,52.61531],[13.331,52.61509],[13.33106,52.61502],[13.33103,52.6149],[13.33073,52.61465],[13.33071,52.61461],[13.3304,52.61441],[13.33025,52.61427],[13.33002,52.61418],[13.3297,52.61416],[13.32962,52.61411],[13.32955,52.614],[13.32917,52.61386],[13.32907,52.61385],[13.32902,52.61389],[13.32909,52.61402],[13.32908,52.61405],[13.32876,52.61408],[13.32848,52.61398],[13.3283,52.61386],[13.32765,52.61362],[13.32689,52.61325],[13.32636,52.61309],[13.32606,52.61305],[13.3252,52.61297],[13.32512,52.613],[13.32484,52.61297],[13.3248,52.61305],[13.32412,52.61287],[13.32347,52.61285],[13.32313,52.61289],[13.32263,52.61301],[13.32212,52.61302],[13.3221,52.61306],[13.32153,52.6131],[13.32114,52.61309],[13.32085,52.61302],[13.32056,52.6129],[13.3203,52.61275],[13.31984,52.61264],[13.31946,52.61247],[13.31917,52.61237],[13.31875,52.61244],[13.31837,52.61243],[13.3179,52.61259],[13.31758,52.61265],[13.31686,52.61263],[13.31642,52.61256],[13.31629,52.61247],[13.31621,52.61236],[13.31616,52.61238],[13.31617,52.61235],[13.31601,52.61212],[13.31594,52.6121],[13.3158,52.61193],[13.31581,52.61184],[13.31565,52.61163],[13.31567,52.61162],[13.31565,52.61153],[13.31555,52.61142],[13.31537,52.61131],[13.31483,52.61111],[13.31486,52.61109],[13.31388,52.61085],[13.31309,52.61057],[13.31294,52.61048],[13.31267,52.61023],[13.31253,52.61014],[13.31188,52.60987],[13.31146,52.60961],[13.31065,52.60879],[13.31061,52.6087],[13.31072,52.60853],[13.3107,52.60846],[13.31041,52.60809],[13.30997,52.60791],[13.30971,52.60786],[13.30954,52.60787],[13.30916,52.60798],[13.30904,52.60796],[13.30881,52.60775],[13.30873,52.60775],[13.30854,52.60789],[13.30842,52.6079],[13.3083,52.60786],[13.30826,52.60769],[13.30813,52.60766],[13.30808,52.60767],[13.3078,52.60792],[13.30771,52.60793],[13.3076,52.60784],[13.30743,52.6076],[13.3072,52.60759],[13.30694,52.60762],[13.30683,52.60755],[13.30674,52.60741],[13.30679,52.60722],[13.30683,52.60716],[13.30683,52.60707],[13.30676,52.60703],[13.30649,52.60698],[13.30619,52.60684],[13.30596,52.6068],[13.30588,52.60676],[13.30579,52.60666],[13.30577,52.60654],[13.306,52.6064],[13.30601,52.60635],[13.30598,52.60633],[13.30573,52.60631],[13.30532,52.60643],[13.30514,52.60654],[13.30498,52.60655],[13.30491,52.6065],[13.30488,52.6064],[13.30491,52.6063],[13.30514,52.60612],[13.30546,52.60597],[13.30545,52.6059],[13.30492,52.60572],[13.30477,52.60558],[13.3043,52.60526],[13.30403,52.60503],[13.30397,52.60494],[13.30386,52.60488],[13.30373,52.6049],[13.30362,52.60509],[13.30352,52.60509],[13.30341,52.60497],[13.3033,52.60472],[13.30324,52.60469],[13.3031,52.60468],[13.303,52.60483],[13.30298,52.60491],[13.30303,52.60504],[13.30296,52.60513],[13.30284,52.60517],[13.30259,52.60517],[13.30237,52.60525],[13.30221,52.60537],[13.3023,52.60567],[13.30203,52.6058],[13.302,52.60603],[13.30195,52.60611],[13.30161,52.60624],[13.30106,52.6063],[13.30023,52.60658],[13.30011,52.60653],[13.30008,52.60644],[13.30015,52.60626],[13.30009,52.60624],[13.29998,52.60609],[13.29975,52.60603],[13.2993,52.606],[13.2986,52.60601],[13.29841,52.60604],[13.29827,52.60612],[13.29796,52.6062],[13.29774,52.60613],[13.29729,52.60593],[13.29672,52.60556],[13.29612,52.60542],[13.29601,52.60534],[13.29588,52.60532],[13.29573,52.60533],[13.29561,52.60539],[13.29563,52.60544],[13.29561,52.60555],[13.29549,52.60562],[13.29536,52.60563],[13.29525,52.60559],[13.29517,52.60543],[13.2953,52.6052],[13.2954,52.6051],[13.29539,52.60502],[13.29529,52.60498],[13.29508,52.60508],[13.29482,52.60511],[13.29478,52.605],[13.29492,52.60487],[13.29496,52.60478],[13.29494,52.6047],[13.29488,52.60467],[13.29471,52.60466],[13.29432,52.60478],[13.29418,52.60476],[13.29396,52.60459],[13.29384,52.60458],[13.29376,52.60463],[13.29375,52.60481],[13.29364,52.60489],[13.29343,52.60489],[13.2933,52.60481],[13.2933,52.60471],[13.29342,52.60436],[13.29339,52.60432],[13.29331,52.60428],[13.29302,52.60422],[13.29275,52.60409],[13.29274,52.60388],[13.29279,52.60383],[13.29317,52.60381],[13.29326,52.60377],[13.29326,52.60372],[13.29316,52.60358],[13.29261,52.60336],[13.29236,52.60349],[13.29219,52.60354],[13.29154,52.60355],[13.29142,52.6035],[13.29141,52.60344],[13.29163,52.60304],[13.29162,52.60298],[13.29154,52.60294],[13.29106,52.60291],[13.29097,52.60285],[13.29099,52.60275],[13.29111,52.60266],[13.29207,52.6026],[13.29211,52.60255],[13.29211,52.60248],[13.29129,52.60187],[13.2904,52.60162],[13.29008,52.60144],[13.28995,52.6014],[13.28956,52.60148],[13.28936,52.60144],[13.28934,52.60133],[13.28961,52.60101],[13.28955,52.60093],[13.28885,52.60074],[13.28878,52.60085],[13.28908,52.60095],[13.28927,52.60113],[13.28915,52.60142],[13.28844,52.60227],[13.28795,52.60177],[13.28777,52.60167],[13.28716,52.60148],[13.28681,52.60145],[13.28488,52.60157],[13.28448,52.60153],[13.28317,52.60113],[13.28249,52.60084],[13.28206,52.6007],[13.2818,52.6005],[13.28152,52.60019],[13.28119,52.5997],[13.28491,52.59562],[13.28528,52.59505],[13.28529,52.595],[13.28519,52.59497],[13.28536,52.59468],[13.28555,52.5947],[13.28614,52.59363],[13.28617,52.59364],[13.28666,52.59296],[13.28737,52.59191],[13.288,52.59086],[13.28958,52.58872],[13.2896,52.58872],[13.28972,52.58856],[13.28977,52.58857],[13.29124,52.58641],[13.29156,52.5865],[13.29189,52.58608],[13.29405,52.58288],[13.29376,52.58286],[13.29396,52.58268],[13.29413,52.58269],[13.29471,52.5823],[13.2951,52.58208],[13.2956,52.58186],[13.29554,52.58181],[13.29577,52.58172],[13.29874,52.58071],[13.29856,52.58065],[13.29934,52.58039],[13.29935,52.58044],[13.30377,52.57894],[13.30382,52.57897],[13.30639,52.57812],[13.30743,52.57784],[13.30853,52.57768],[13.30944,52.57761],[13.31129,52.57764],[13.31505,52.57777],[13.31492,52.57765],[13.31521,52.57766],[13.31527,52.57771],[13.31543,52.57772],[13.31541,52.57766],[13.31561,52.57766],[13.31573,52.5778],[13.31742,52.57782],[13.31986,52.57815]]]}},{"type":"Feature","id":"1260","properties":{"region_id":"1260","region_name":"Märkisches Viertel"},"geometry":{"type":"Polygon","coordinates":[[[13.3681,52.59738],[13.37015,52.59908],[13.37057,52.59948],[13.37086,52.59983],[13.37427,52.60477],[13.37544,52.60653],[13.37282,52.60656],[13.3726,52.60645],[13.37211,52.60656],[13.3716,52.6066],[13.36722,52.60669],[13.36723,52.60676],[13.35906,52.60705],[13.35906,52.60701],[13.35226,52.60726],[13.35226,52.6073],[13.35149,52.60723],[13.35106,52.60716],[13.35096,52.60714],[13.35094,52.60708],[13.35054,52.607],[13.35035,52.60701],[13.34417,52.60572],[13.3439,52.60591],[13.34384,52.60589],[13.34367,52.60597],[13.3416,52.60732],[13.34169,52.60735],[13.3416,52.60742],[13.34163,52.60743],[13.34035,52.60825],[13.34009,52.6083],[13.33937,52.60827],[13.34,52.60854],[13.33704,52.61123],[13.33654,52.61109],[13.33644,52.61128],[13.33382,52.61057],[13.33146,52.61012],[13.33004,52.60975],[13.32856,52.60933],[13.32633,52.60861],[13.32297,52.60774],[13.32035,52.60722],[13.32049,52.6071],[13.32072,52.60715],[13.32233,52.60583],[13.3227,52.6055],[13.32263,52.60548],[13.32313,52.60505],[13.32351,52.60467],[13.32525,52.60315],[13.32521,52.60309],[13.32543,52.6029],[13.32552,52.60303],[13.328,52.60087],[13.32851,52.60056],[13.32976,52.59989],[13.3322,52.59848],[13.33222,52.5984],[13.33253,52.59822],[13.33261,52.59827],[13.33293,52.59827],[13.33326,52.59803],[13.33412,52.59757],[13.33405,52.59753],[13.33587,52.59654],[13.33591,52.59659],[13.33738,52.59576],[13.33747,52.59574],[13.33744,52.59563],[13.33748,52.5956],[13.34336,52.59238],[13.34345,52.59236],[13.34604,52.59095],[13.34644,52.59069],[13.34756,52.59008],[13.34864,52.59032],[13.3502,52.5906],[13.35176,52.59079],[13.35415,52.59091],[13.35569,52.59089],[13.35913,52.59109],[13.36007,52.59118],[13.36065,52.59127],[13.3643,52.59428],[13.36429,52.59431],[13.36436,52.59434],[13.36797,52.59737],[13.3681,52.59738]]]}}]}